	Este fichero es el que lee SdC (exportado a tsv con File -> Download as -> Tab-separated values y renombrado como contents.tsv).							
								
	Cualquier fila con la primera casilla vac√≠a es ignorada por el programa. Para comentarios y dem√°s.							
	En una fila con contenido, la primera casilla es para la pregunta, 3 para las respuestas, 3 para sus comentarios y 1 para la imagen asociada.							
	Si s√≥lo la primera casilla est√° llena, indica el comienzo de una nueva categor√≠a.							
								
	Borrador de preguntas:	https://docs.google.com/spreadsheets/d/1h3KgxQoQhvGUW2ph2jCXoCwTmlB7LuenmH0La0JTmjU/edit#gid=0						
								
	Para buscar im√°genes se puede usar la b√∫squeda avanzada de im√°genes de google con "aspect ratio: tall" y "usage rights: free to use or share, even comercially" (por ejemplo, https://www.google.es/search?as_st=y&tbm=isch&hl=en&as_q=chaos+theory&as_epq=&as_oq=&as_eq=&cr=&as_sitesearch=&safe=images&tbs=iar:t,sur:fc )							
								
	Para coger emojis:	https://unicode.org/emoji/charts/full-emoji-list.html						
								
								
	Respuesta correcta	Respuesta 2	Respuesta 3	Comentario 1	Comentario 2	Comentario 3	Imagen	Notas sobre la pregunta
								
F√≠sica								
¬øQu√© interacciones conservan la simetr√≠a de paridad (se comportan igual que su imagen especular)?	Todas menos la d√©bil	Las interacciones nucleares fuertes	Todas menos la electromagn√©tica	El equipo dirigido por la f√≠sica Chien-Shiung Wu descubri√≥ en 1957 que las interacciones d√©biles violan la simetr√≠a de paridad, estudiando la desintegraci√≥n beta del cobalto-60.	Las interacciones d√©biles no conservan la simetr√≠a de paridad, como demostr√≥ la f√≠sica Chien-Shiung Wu en un famoso experimento sobre la desintegraci√≥n beta del cobalto-60.	La interacci√≥n electromagn√©tica conserva la paridad. Sin embargo la d√©bil no lo hace.	wu.jpg	
¬øQu√© teorema asocia las simetr√≠as de la acci√≥n con leyes de conservaci√≥n?	El teorema de Noether	El teorema de Fermat	El teorema del virial	El teorema de Noether, demostrado por la matem√°tica Emmy Noether en 1915, aclara el origen de leyes como la conservaci√≥n de la energ√≠a, a partir de simetr√≠as en las ecuaciones que describen un sistema.	El teorema de Noether, demostrado por la matem√°tica Emmy Noether en 1915, aclara el origen de leyes como la conservaci√≥n de la energ√≠a, a partir de simetr√≠as en las ecuaciones que describen un sistema.	El teorema de Noether, demostrado por la matem√°tica Emmy Noether en 1915, aclara el origen de leyes como la conservaci√≥n de la energ√≠a, a partir de simetr√≠as en las ecuaciones que describen un sistema.	Noether.jpg	
¬øQui√©n es conocida como "la reina del carb√≥n"? üëë	Mildred Dresselhaus	Cameron Howe	Jocelyn Bell	Dresselhaus fue la primera mujer catedr√°tica del MIT. Se especializ√≥ en investigar la estructura del carbono y sus aplicaciones, incluyendo el potencial de la nanotecnolog√≠a.	Dresselhaus fue la primera mujer catedr√°tica del MIT. Se especializ√≥ en investigar la estructura del carbono y sus aplicaciones, incluyendo el potencial de la nanotecnolog√≠a.	Dresselhaus fue la primera mujer catedr√°tica del MIT. Se especializ√≥ en investigar la estructura del carbono y sus aplicaciones, incluyendo el potencial de la nanotecnolog√≠a.	https://alum.mit.edu/sites/default/files/slice/uploads/2017/02/02-23-17_Millie-lego.png	
¬øQu√© es la fisi√≥n nuclear? ‚öõ	La divisi√≥n del n√∫cleo en otros n√∫cleos	La creaci√≥n de un nuevo √°tomo por la uni√≥n de varios n√∫cleos	El mecanismo por el que las estrellas producen energ√≠a	La fisi√≥n ocurre cuando un n√∫cleo pesado se divide en dos o m√°s n√∫cleos m√°s peque√±os. La descubrieron Lisa Meitner y Otto Hahn. Solo Hahn se llev√≥ el Nobel por ello. 	La fisi√≥n ocurre cuando un n√∫cleo pesado se divide en dos o m√°s n√∫cleos m√°s peque√±os. La descubrieron Lisa Meitner y Otto Hahn. Solo Hahn se llev√≥ el Nobel por ello. 	La fisi√≥n ocurre cuando un n√∫cleo pesado se divide en dos o m√°s n√∫cleos m√°s peque√±os. La descubrieron Lisa Meitner y Otto Hahn. Solo Hahn se llev√≥ el Nobel por ello. 	Lise Meitner Eva von Bahr.jpg	
¬øCu√°l de estos es un tipo de quark? 	Encantado	Honrado	Enamorado	Los quarks son part√≠culas fundamentales y hay seis tipos distintos. Uno de ellos es el "encantado" (charm). Su descubrimiento fue posible en parte gracias al trabajo de la f√≠sica Sau Lan Wu.	Los quarks son part√≠culas fundamentales y hay seis tipos distintos. Uno de ellos es el "encantado" (charm). Su descubrimiento fue posible en parte gracias al trabajo de la f√≠sica Sau Lan Wu.	Los quarks son part√≠culas fundamentales y hay seis tipos distintos. Uno de ellos es el "encantado" (charm). Su descubrimiento fue posible en parte gracias al trabajo de la f√≠sica Sau Lan Wu.	https://vq.vassar.edu/issues/2014/03/images/Sau-Lan-Wu-c.png	
¬øCu√°l de estos m√©todos se puede usar para detectar part√≠culas?	Placas de emulsi√≥n nuclear	C√°maras de energ√≠a oscura	Neuralizadores	Marietta Blau y su estudiante Hertha Wambacher desarrollaron esta t√©cnica de emulsi√≥n fotogr√°fica y la utilizaron en el estudio de rayos c√≥smicos. Supuso un avance enorme en f√≠sica de part√≠culas. 	Marietta Blau y su estudiante Hertha Wambacher desarrollaron esta t√©cnica de emulsi√≥n fotogr√°fica y la utilizaron en el estudio de rayos c√≥smicos. Supuso un avance enorme en f√≠sica de part√≠culas. 	Marietta Blau y su estudiante Hertha Wambacher desarrollaron esta t√©cnica de emulsi√≥n fotogr√°fica y la utilizaron en el estudio de rayos c√≥smicos. Supuso un avance enorme en f√≠sica de part√≠culas. 	https://apod.nasa.gov/apod/image/0608/crshower2_nasa_big.jpg	
¬øQu√© es el bos√≥n de Higgs?	Una part√≠cula que tiene que ver con c√≥mo se crea la materia	Una part√≠cula bosonuda	La primera part√≠cula de antimateria descubierta	El bos√≥n de Higgs es un tipo de part√≠cula elemental que tiene un papel fundamental en el mecanismo por el que se origina la masa. Se detect√≥ gracias a dos experimentos en el CERN, uno de ellos liderado por Fabiola Gianotti. Ella misma anunci√≥ el descubrimiento en 2012. 	El bos√≥n de Higgs es un tipo de part√≠cula elemental que tiene un papel fundamental en el mecanismo por el que se origina la masa. Se detect√≥ gracias a dos experimentos en el CERN, uno de ellos liderado por Fabiola Gianotti. Ella misma anunci√≥ el descubrimiento en 2012. 	El bos√≥n de Higgs es un tipo de part√≠cula elemental que tiene un papel fundamental en el mecanismo por el que se origina la masa. Se detect√≥ gracias a dos experimentos en el CERN, uno de ellos liderado por Fabiola Gianotti. Ella misma anunci√≥ el descubrimiento en 2012. 	https://pbs.twimg.com/profile_images/821769892894539778/cWanEnDN.jpg	
¬øPara qu√© se puede utilizar un haz de positronio?	Para desvelar la estructura de √°tomos y mol√©culas	Para conquistar el universo	Para mantenerse siempre positivo	Gaetana Laricchia y su grupo es pionera en f√≠sica de positrones. Han desarrollado el √∫nico haz en el mundo de positronio con el que est√°n estudiando propiedades at√≥micas. 	Gaetana Laricchia y su grupo es pionera en f√≠sica de positrones. Han desarrollado el √∫nico haz en el mundo de positronio con el que est√°n estudiando propiedades at√≥micas. 	Gaetana Laricchia y su grupo es pionera en f√≠sica de positrones. Han desarrollado el √∫nico haz en el mundo de positronio con el que est√°n estudiando propiedades at√≥micas. 	https://cdn.shopify.com/s/files/1/1708/0909/products/positron1.jpg	
¬øEs posible "frenar" la luz?	S√≠	No	Solo si eres Dazzler	S√≠ es posible y un caso extremo lo consigui√≥ la f√≠sica danesa Lene Hau. Lo hizo utilizando un "condensado Bose-Einstein", un extra√±o estado de la materia. 	S√≠ es posible y un caso extremo lo consigui√≥ la f√≠sica danesa Lene Hau. Lo hizo utilizando un "condensado Bose-Einstein", un extra√±o estado de la materia. 	S√≠ es posible y un caso extremo lo consigui√≥ la f√≠sica danesa Lene Hau. Lo hizo utilizando un "condensado Bose-Einstein", un extra√±o estado de la materia. 	Professor_Lene_Hau_in_her_laboratory_at_Harvard.jpg	
¬øCu√°l de estos es un tipo de quark?	Top	Crack	Bajito	Los quarks son part√≠culas fundamentales y hay seis tipos distintos. Uno de ellos es el "top". Su descubrimiento fue posible en parte gracias al equipo de la f√≠sica Melissa Franklin.	Los quarks son part√≠culas fundamentales y hay seis tipos distintos. Uno de ellos es el "top". Su descubrimiento fue posible en parte gracias al equipo de la f√≠sica Melissa Franklin.	Los quarks son part√≠culas fundamentales y hay seis tipos distintos. Uno de ellos es el "top". Su descubrimiento fue posible en parte gracias al equipo de la f√≠sica Melissa Franklin.	http://www2.lbl.gov/Science-Articles/Archive/assets/images/2004/Jun-10/top_quark.jpg	
El sol es una estrella de clase... ‚òÄ	G, una enana amarilla	B, una supergigante verde	O, una gigante azul	Annie Jump Cannon fue la astr√≥noma que ide√≥ la clasificaci√≥n de estrellas con las letras O-B-A-F-G-K-M, relacionada con la temperatura de las estrellas. Fue una de "las computadoras de Harvard".	Annie Jump Cannon fue la astr√≥noma que ide√≥ la clasificaci√≥n de estrellas con las letras O-B-A-F-G-K-M, relacionada con la temperatura de las estrellas. Fue una de "las computadoras de Harvard".	Annie Jump Cannon fue la astr√≥noma que ide√≥ la clasificaci√≥n de estrellas con las letras O-B-A-F-G-K-M, relacionada con la temperatura de las estrellas. Fue una de "las computadoras de Harvard".	sun.jpg	
¬øDe qu√© est√°n compuestas las estrellas mayoritariamente? ‚≠ê	Hidr√≥geno y helio	Carbono y ox√≠geno	Hidr√≥geno y carbono	Cecilia Payne lo descubri√≥ mientras hac√≠a su tesis, considerada la mejor de astrof√≠sica en su momento.	Cecilia Payne lo descubri√≥ mientras hac√≠a su tesis, considerada la mejor de astrof√≠sica en su momento.	Cecilia Payne lo descubri√≥ mientras hac√≠a su tesis, considerada la mejor de astrof√≠sica en su momento.	sun.jpg	
Las estrellas m√°s alejadas del centro de nuestra galaxia... ‚≠ê	Giran m√°s r√°pido de lo esperado	Giran m√°s lento de lo esperado	No giran	Lo descubri√≥ la astr√≥noma Vera Rubin y constituy√≥ una de las primeras evidencias de la existencia de materia oscura. 	Lo descubri√≥ la astr√≥noma Vera Rubin y constituy√≥ una de las primeras evidencias de la existencia de materia oscura. 	Lo descubri√≥ la astr√≥noma Vera Rubin y constituy√≥ una de las primeras evidencias de la existencia de materia oscura. 	https://static01.nyt.com/images/2016/12/28/us/28rubin-obit-1/28rubin-obit-1-blog427.jpg	
La primera estrella enana marr√≥n descubierta tiene una masa de...	55 veces la masa de J√∫piter	5 veces la masa de J√∫piter	555 veces la masa de J√∫piter	Teide 1 se descubri√≥ desde el Instituto Astrof√≠sico de Canarias por Maria Rosa Zapatero, Rafael Rebolo y Eduardo Mart√≠n. Est√° en el c√∫mulo de las Pl√©yades. 	M√°s: 55 veces la masa de J√∫piter. Teide 1 se descubri√≥ desde el Instituto Astrof√≠sico de Canarias por Maria Rosa Zapatero, Rafael Rebolo y Eduardo Mart√≠n. Est√° en el c√∫mulo de las Pl√©yades. 	Mucho menos: 55 veces la masa de J√∫piter. Teide 1 se descubri√≥ desde el Instituto Astrof√≠sico de Canarias por Maria Rosa Zapatero, Rafael Rebolo y Eduardo Mart√≠n. Est√° en el c√∫mulo de las Pl√©yades. 	enana.jpg	
¬øCu√°ntas lunas tiene Saturno? üåó	Al menos 62	Solo una	666	Carolyn Porco es la investigadora responsable del equipo de im√°genes de la misi√≥n Cassini. Cassini estudi√≥ a Saturno, sus anillos y lunas (descubri√≥ 7 nuevas).	Carolyn Porco es la investigadora responsable del equipo de im√°genes de la misi√≥n Cassini. Cassini estudi√≥ a Saturno, sus anillos y lunas (descubri√≥ 7 nuevas).	Carolyn Porco es la investigadora responsable del equipo de im√°genes de la misi√≥n Cassini. Cassini estudi√≥ a Saturno, sus anillos y lunas (descubri√≥ 7 nuevas).	saturn.jpg	
¬øEn cu√°l de estas lunas hemos visto lagos de hidrocarburos?  üåô	Tit√°n, luna de Saturno	Deimos, luna de Marte	√ço, luna de J√∫piter	Los lagos fueron descubiertos en los polos por la misi√≥n Cassini. La investigadora responsable del equipo de im√°genes es Carolyn Porco.	No, fue en Tit√°n. Los lagos fueron descubiertos en los polos por la misi√≥n Cassini. La investigadora responsable del equipo de im√°genes es Carolyn Porco.	No, fue en Tit√°n. Los lagos fueron descubiertos en los polos por la misi√≥n Cassini. La investigadora responsable del equipo de im√°genes es Carolyn Porco.	titan.jpg	
¬øCu√°ntas estrellas con varios planetas se han descubierto directamente hasta ahora? üåü	M√°s de 500	M√°s de 5000	Entre 50 y 100	En 1999 se descubri√≥ la primera estrella con varios planetas. Entre las descubridoras estaba Debra Fischer, una de las mayores expertas en planetas extrasolares. 	En 1999 se descubri√≥ la primera estrella con varios planetas. Entre las descubridoras estaba Debra Fischer, una de las mayores expertas en planetas extrasolares. 	En 1999 se descubri√≥ la primera estrella con varios planetas. Entre las descubridoras estaba Debra Fischer, una de las mayores expertas en planetas extrasolares. 	http://planetary.s3.amazonaws.com/assets/images/exoplanets/20170222_trappist-habitable-zone-3d.jpg	
¬øD√≥nde est√° el telescopio Hubble? üî≠	En el espacio	En Canarias	En Arecibo	El telescopio espacial fue posible gracias a la "madre del Hubble", Nancy Roman.	El telescopio espacial fue posible gracias a la "madre del Hubble", Nancy Roman.	El telescopio espacial fue posible gracias a la "madre del Hubble", Nancy Roman.	http://www.stecf.org/conferences/HST3/presentations/mon_s_1/Hubble%20History/Nancy%20Roman.jpeg	
¬øQui√©n fue la primera mujer en el espacio? üë©üèº‚ÄçüöÄ	Valentina Tereshkova	Sally Ride	Valentina Kerbal	¬°Valentina Tereshkova hizo historia con solo 23 a√±os! Orbit√≥ la Tierra durante 3 d√≠as.	¬°Valentina Tereshkova hizo historia con solo 23 a√±os! Orbit√≥ la Tierra durante 3 d√≠as.	¬°Valentina Tereshkova hizo historia con solo 23 a√±os! Orbit√≥ la Tierra durante 3 d√≠as.	valentina.jpg	
¬øCu√°ntas mujeres astronautas ha habido? üë©üèø‚ÄçüöÄ	M√°s de 60	Entre 20 y 60	Menos de 20	¬°Y cada vez el n√∫mero crece m√°s r√°pido! En 2013 de los 6 nuevos astronautas elegidos por la NASA, 3 eran mujeres.	¬°Y cada vez el n√∫mero crece m√°s r√°pido! En 2013 de los 6 nuevos astronautas elegidos por la NASA, 3 eran mujeres.	¬°Y cada vez el n√∫mero crece m√°s r√°pido! En 2013 de los 6 nuevos astronautas elegidos por la NASA, 3 eran mujeres.	astronautas.jpg	
¬øQu√© es un p√∫lsar?	El n√∫cleo muy denso que queda despu√©s de que ciertas estrellas colapsen	Una estrella muy grande hecha de antimateria	Dos agujeros negros conectados	Algunas estrellas muy grandes acaban su vida en una explosi√≥n. El resto de esta explosi√≥n puedes ser un p√∫lsar, un objeto superconcentrado que emite pulsos de luz. Los descubri√≥ la astr√≥noma Jocelyn Bell. 	Algunas estrellas muy grandes acaban su vida en una explosi√≥n. El resto de esta explosi√≥n puedes ser un p√∫lsar, un objeto superconcentrado que emite pulsos de luz. Los descubri√≥ la astr√≥noma Jocelyn Bell. 	Algunas estrellas muy grandes acaban su vida en una explosi√≥n. El resto de esta explosi√≥n puedes ser un p√∫lsar, un objeto superconcentrado que emite pulsos de luz. Los descubri√≥ la astr√≥noma Jocelyn Bell. 	pulsar.jpg	
¬øQui√©n descubri√≥ la nebulosa Cabeza de Caballo?	Mina Fleming	Cecilia Payne	Maria Mitchell	Mina fue una de las primeras "Computadoras de Harvard" y descubri√≥ muchas estrellas variables y nebulosas. 	Mina fue una de las primeras "Computadoras de Harvard" y descubri√≥ muchas estrellas variables y nebulosas. 	Mina fue una de las primeras "Computadoras de Harvard" y descubri√≥ muchas estrellas variables y nebulosas. 	https://pbs.twimg.com/profile_images/770295600298364928/D5NnAcDL.jpg	
¬øQui√©n fue la primera mujer que descubri√≥ un cometa? ‚òÑ	Maria Kirch	Caroline Herschel	Maria Mitchell	Durante a√±os se pens√≥ que hab√≠a sido Caroline Herschel, porque el cometa de Kirch se atribuy√≥ a su marido.	Durante a√±os se pens√≥ que hab√≠a sido Caroline Herschel, porque el cometa de Kirch se atribuy√≥ a su marido.	Durante a√±os se pens√≥ que hab√≠a sido Caroline Herschel, porque el cometa de Kirch se atribuy√≥ a su marido.	https://upload.wikimedia.org/wikipedia/commons/thumb/b/ba/Comet_Hale-Bopp_1995O1.jpg/1200px-Comet_Hale-Bopp_1995O1.jpg	
¬øQui√©n de estas mujeres trabaj√≥ como computadora?	Maria Mitchell	Vera Rubin	Sally Ride	Maria Mitchell fue la primera astr√≥noma estadounidense que pudo dedicarse profesionalmente a ello. Trabaj√≥ durante a√±os haciendo c√°lculos relacionados con las efem√©rides astron√≥micas y finalmente de profesora. 	Vera tambi√©n fue una astr√≥noma, pero la que adem√°s trabaj√≥ como "computadora" fue Maria Mitchell, quien fue la primera astr√≥noma estadounidense que pudo dedicarse profesionalmente a ello. Trabaj√≥ durante a√±os haciendo c√°lculos relacionados con las efem√©rides astron√≥micas y finalmente de profesora. 	Sally Ride fue la primera astronauta estadounidense. Maria Mitchell fue la primera astr√≥noma estadounidense que pudo dedicarse profesionalmente a ello. Trabaj√≥ durante a√±os haciendo c√°lculos relacionados con las efem√©rides astron√≥micas y finalmente de profesora. 	http://fall10astronomy.providence.wikispaces.net/file/view/mitchell.jpg/185114603/mitchell.jpg	
¬øQui√©n fue la primera estadounidense en el espacio? üë©üèº‚ÄçüöÄ	Sally Ride	Vera Rubin	Maria Mitchell	Sally Ride fue la primera estadounidense en el espacio. 	Sally Ride fue la primera estadounidense en el espacio. 	Sally Ride fue la primera estadounidense en el espacio. 	sally.jpg	
¬øQui√©n fue la primera astronauta hispana? üë®üèæ‚ÄçüöÄ	Ellen Ochoa	Gabriela Gonz√°lez	Alicia Sintes	Ellen Ochoa es f√≠sica y nieta de abuelos mexicanos. En 1993 sali√≥ al espacio por primera vez. Actualmente es directora de uno de los centros m√°s importantes de la NASA.	Gabriela Gonz√°lez es investigadora en ondas gravitacionales. Ellen Ochoa es f√≠sica y nieta de abuelos mexicanos. En 1993 sali√≥ al espacio por primera vez. Actualmente es directora de uno de los centros m√°s importantes de la NASA.	Alicia Sintes es investigadora en ondas gravitacionales. Ellen Ochoa es f√≠sica y nieta de abuelos mexicanos. En 1993 sali√≥ al espacio por 1¬™ vez. Ahora es directora de uno de los centros m√°s importantes de la NASA.	https://upload.wikimedia.org/wikipedia/commons/thumb/e/e8/Ellen_Ochoa.jpg/1200px-Ellen_Ochoa.jpg	
La primera evidencia de actividad volc√°nica fuera de nuestro planeta se descubri√≥ en... üåã	√ço, luna de J√∫piter	Enc√©lado, luna de J√∫piter	Deimos, luna de Marte	El descubrimiento lo hizo en 1979 Linda Morabito, astr√≥noma trabajando en la misi√≥n Voyager. 	El descubrimiento lo hizo en 1979 Linda Morabito, astr√≥noma trabajando en la misi√≥n Voyager. 	El descubrimiento lo hizo en 1979 Linda Morabito, astr√≥noma trabajando en la misi√≥n Voyager. 	https://upload.wikimedia.org/wikipedia/commons/thumb/5/55/PIA01081-Color_Mosaic_and_Active_Volcanic_Plumes_on_Io.jpg/1200px-PIA01081-Color_Mosaic_and_Active_Volcanic_Plumes_on_Io.jpg	
¬øCu√°l de este tipo de estrellas sirven para medir distancias en el universo?	Las Cefeidas	Las enanas marrones	Las gigantes rojas	Henrietta Leavitt descubri√≥ que la frecuencia con que cambian de brillo depende de su luminosidad, lo que permiti√≥ por primera vez medir distancias entre galaxias.	Henrietta Leavitt descubri√≥ que la frecuencia con que cambian de brillo depende de su luminosidad, lo que permiti√≥ por primera vez medir distancias entre galaxias.	Henrietta Leavitt descubri√≥ que la frecuencia con que cambian de brillo depende de su luminosidad, lo que permiti√≥ por primera vez medir distancias entre galaxias.	http://2.bp.blogspot.com/-hzq3JERK-kQ/UC_JLab24zI/AAAAAAAAEA4/fMFSHxqDQrY/s1600/Henrietta+Leavitt.jpg	
¬øCambian las galaxias de forma con el tiempo?	¬°Claro!	Solo unas pocas	No, las galaxias, galaxias son est√°ticas	Beatrice Tinsley revolucion√≥ el campo de la astronom√≠a gal√°ctica, estudiando como su forma y brillo cambia con el tiempo. 	Beatrice Tinsley revolucion√≥ el campo de la astronom√≠a gal√°ctica, estudiando como su forma y brillo cambia con el tiempo. 	Beatrice Tinsley revolucion√≥ el campo de la astronom√≠a gal√°ctica, estudiando como su forma y brillo cambia con el tiempo. 	https://space-facts.com/wp-content/uploads/andromeda-galaxy.jpg	
¬øC√≥mo se pueden ver planetas en formaci√≥n en estrellas parecidas al Sol?	Con telescopios infrarrojos	Con telescopios de Rayos X	Con muy buena vista y mucha suerte	Los planetas se forman a partir de anillos de "escombros" que hay alrededor de las estrellas. La primera en tomar una imagen de "protoplanetas" alrededor de una estrella parecida al sol fue Jane Greaves.	Los planetas se forman a partir de anillos de "escombros" que hay alrededor de las estrellas. La primera en tomar una imagen de "protoplanetas" alrededor de una estrella parecida al sol fue Jane Greaves.	Los planetas se forman a partir de anillos de "escombros" que hay alrededor de las estrellas. La primera en tomar una imagen de "protoplanetas" alrededor de una estrella parecida al sol fue Jane Greaves.	https://astrobites.org/wp-content/uploads/2015/05/141105_ALMA_HL_01.jpg	
Para detectar ondas gravitacionales se han utilizado...	Interfer√≥metros l√°ser	Telescopios infrarrojos	Trampas de materia oscura	 Sheila Rowan lidera uno de los equipos que ha contribuido a mejorar la incre√≠ble precisi√≥n necesaria en estos detectores. 	 Sheila Rowan lidera uno de los equipos que ha contribuido a mejorar la incre√≠ble precisi√≥n necesaria en estos detectores. 	 Sheila Rowan lidera uno de los equipos que ha contribuido a mejorar la incre√≠ble precisi√≥n necesaria en estos detectores. 	http://www.space.com/images/i/000/038/426/original/HiResLivingston_6.jpg	
								
								
								
Qu√≠mica								
	No m√°s nombres!!							
¬øCu√°l de estos materiales se usa en chalecos antibalas?	Kevlar	Klystron	Tardiscon	El kevlar fue descubierto en 1871 por Stephanie Kwolek. Tiene numerosas aplicaciones, entre ellas las que lo hicieron uno de los materiales m√°s usados para chalecos antibalas. 	El kevlar fue descubierto en 1871 por Stephanie Kwolek. Tiene numerosas aplicaciones, entre ellas las que lo hicieron uno de los materiales m√°s usados para chalecos antibalas. 	El kevlar fue descubierto en 1871 por Stephanie Kwolek. Tiene numerosas aplicaciones, entre ellas las que lo hicieron uno de los materiales m√°s usados para chalecos antibalas. 	batman.jpg	
El agujero de ozono fue causado principalmente por...	Clorofluorocarbonos 	Di√≥xido de carbono	Hidrocarburos arom√°ticos	En 1986 Susan Solomon public√≥ la demostraci√≥n m√°s contundente de que los CFC eran los responsables del agujero de ozono. En 1995 se concedi√≥ el Nobel por este tema. A ella se le mencion√≥ en la descripci√≥n del premio. 	En 1986 Susan Solomon public√≥ la demostraci√≥n m√°s contundente de que los CFC eran los responsables del agujero de ozono. En 1995 se concedi√≥ el Nobel por este tema. A ella se le mencion√≥ en la descripci√≥n del premio. 	En 1986 Susan Solomon public√≥ la demostraci√≥n m√°s contundente de que los CFC eran los responsables del agujero de ozono. En 1995 se concedi√≥ el Nobel por este tema. A ella se le mencion√≥ en la descripci√≥n del premio. 	https://www.chemheritage.org/sites/default/files/styles/rte_full_width/public/bio-solomonantarctica.jpg	
¬øQui√©n descubri√≥ el Francio? ‚ò¢	Marguerite Perey	Hipatia de Alejandria	Napole√≥n Bonaparte	Marguerite Catherine Perey descubri√≥ el Francio en 1939. Despu√©s de este descubrimiento pudo conseguir una beca que le permiti√≥ ir a estudiar a la universidad. 	Marguerite Catherine Perey descubri√≥ el Francio en 1939. Despu√©s de este descubrimiento pudo conseguir una beca que le permiti√≥ ir a estudiar a la universidad. 	Marguerite Catherine Perey descubri√≥ el Francio en 1939. Despu√©s de este descubrimiento pudo conseguir una beca que le permiti√≥ ir a estudiar a la universidad. 	http://periodictable.com/Samples/087.4/s13.JPG	
¬øQui√©n es considerada "la madre de la qu√≠mica moderna"?	Marie-Anne Lavoisier	Marie Curie	Cecilia Payne	Marie-Anne Lavoisier fue qu√≠mica y public√≥ las Memorias de Qu√≠mica de Lavoisier que sentaron las bases de la qu√≠mica moderna.	Marie-Anne Lavoisier fue qu√≠mica y public√≥ las Memorias de Qu√≠mica de Lavoisier que sentaron las bases de la qu√≠mica moderna.	Marie-Anne Lavoisier fue qu√≠mica y public√≥ las Memorias de Qu√≠mica de Lavoisier que sentaron las bases de la qu√≠mica moderna.	https://upload.wikimedia.org/wikipedia/commons/4/4e/David_-_Portrait_of_Monsieur_Lavoisier_and_His_Wife.jpg	
¬øQui√©n descubri√≥ la estructura de la penicilina, la vitamina B12 y la insulina humana? üíâ	Dorothy Crowfoot Hodgkin	Alexander Fleming	Valentina Kerbal	Dorothy Crowfoot Hodgkin se llev√≥ el Nobel de Qu√≠mica en 1964 por sus trabajos en t√©cnicas de rayos X que le permitieron descubrir la estructura de varias mol√©culas. 	Dorothy Crowfoot Hodgkin se llev√≥ el Nobel de Qu√≠mica en 1964 por sus trabajos en t√©cnicas de rayos X que le permitieron descubrir la estructura de varias mol√©culas. 	Dorothy Crowfoot Hodgkin se llev√≥ el Nobel de Qu√≠mica en 1964 por sus trabajos en t√©cnicas de rayos X que le permitieron descubrir la estructura de varias mol√©culas. 	http://deskarati.com/wp-content/uploads/2011/04/dorothy_crowfoot_hodgkin.jpg	
¬øQui√©n consigui√≥ crear por primera vez elementos radiactivos? ‚ò¢	Ir√®ne Joliot-Curie	Marie Curie	Lise Meitner	Ir√®ne Joliot-Curie y su marido Fr√©d√©ric fueron los primeros en convertir un elemento en otro a trav√©s de la radiactividad. Por ello recibieron el Nobel en 1935.	Ir√®ne Joliot-Curie y su marido Fr√©d√©ric fueron los primeros en convertir un elemento en otro a trav√©s de la radiactividad. Por ello recibieron el Nobel en 1935.	Ir√®ne Joliot-Curie y su marido Fr√©d√©ric fueron los primeros en convertir un elemento en otro a trav√©s de la radiactividad. Por ello recibieron el Nobel en 1935.	https://upload.wikimedia.org/wikipedia/commons/a/aa/Irene_and_Marie_Curie_1925.jpg	
¬øQu√© permite el Ba√±o Mar√≠a?	Calentar algo de forma indirecta	Limpiar los pecados	Hervir un l√≠quido r√°pidamente	El Ba√±o Mar√≠a consiste en meter un recipiente dentro de otro m√°s grande con un l√≠quido. Calienta por igual y de forma controlada el contenido del recipiente peque√±o. Se llama as√≠ por Mar√≠a de Alejandr√≠a (s. III), la primera persona alquimista de occidente.	El Ba√±o Mar√≠a consiste en meter un recipiente dentro de otro m√°s grande con un l√≠quido. Calienta por igual y de forma controlada el contenido del recipiente peque√±o. Se llama as√≠ por Mar√≠a de Alejandr√≠a (s. III), la primera persona alquimista de occidente.	El Ba√±o Mar√≠a consiste en meter un recipiente dentro de otro m√°s grande con un l√≠quido. Calienta por igual y de forma controlada el contenido del recipiente peque√±o. Se llama as√≠ por Mar√≠a de Alejandr√≠a (s. III), la primera persona alquimista de occidente.	maria-judia2.jpg	
¬øQu√© son los diagramas de Richardson?	La representaci√≥n en 3D de prote√≠nas	La representaci√≥n virtual de bacterias	La representaci√≥n en 2D de prote√≠nas	Jane Shelby Richardson utiliz√≥ sus conocimientos en varias disciplinas para crear una representaci√≥n tridimensional de las prote√≠nas que nos permite entender mejor su funci√≥n.	Jane Shelby Richardson utiliz√≥ sus conocimientos en varias disciplinas para crear una representaci√≥n tridimensional de las prote√≠nas que nos permite entender mejor su funci√≥n.	Jane Shelby Richardson utiliz√≥ sus conocimientos en varias disciplinas para crear una representaci√≥n tridimensional de las prote√≠nas que nos permite entender mejor su funci√≥n.	https://upload.wikimedia.org/wikipedia/commons/thumb/f/ff/Tubby-1c8z-pymol.png/800px-Tubby-1c8z-pymol.png	
¬øQu√© es la azatioprina?	Un f√°rmaco inmunosupresor	Un f√°rmaco contra el VIH	Un f√°rmaco contra la gripe	La azatioprina fue el primer f√°rmaco inmunosupresor que se desarroll√≥ e inicialmente se usaba antes de transplantes. Gertrude Elion se llev√≥ el Nobel por este trabajo y el desarrollo de otros muchos f√°rmacos. 	La azatioprina fue el primer f√°rmaco inmunosupresor que se desarroll√≥ e inicialmente se usaba antes de transplantes. Gertrude Elion se llev√≥ el Nobel por este trabajo y el desarrollo de otros muchos f√°rmacos.	La azatioprina fue el primer f√°rmaco inmunosupresor que se desarroll√≥ e inicialmente se usaba antes de transplantes. Gertrude Elion se llev√≥ el Nobel por este trabajo y el desarrollo de otros muchos f√°rmacos.	https://www.thefamouspeople.com/profiles/images/gertrude-b-elion-3.jpg	
¬øEn qu√© se bas√≥ el primer tratamiento efectivo contra la malaria? üíä	En compuestos sintetizados a partir de la artemisina	En compuestos sintetizados a partir de la quinina	En compuestos sintetizados a partir de la corteza del sauce	YouYou Tu, premio nobel de medicina, fue la descubridora del primer tratamiento efectivo contra la malaria.	YouYou Tu, premio nobel de medicina, fue la descubridora del primer tratamiento efectivo contra la malaria.	YouYou Tu, premio nobel de medicina, fue la descubridora del primer tratamiento efectivo contra la malaria.	https://www.nobelprize.org/nobel_prizes/medicine/laureates/2015/tu_postcard.jpg	
¬øCu√°ndo se fabric√≥ el primer antibi√≥tico (por s√≠ntesis qu√≠mica)?	1949	1989	1890	Mildred Catherine Rebstock fue la primera en desarrollar por s√≠ntesis qu√≠mica un antibi√≥tico (cloranfenicol), lo que permiti√≥ su producci√≥n masiva. Actualmente se usa sobre todo contra la c√≥lera y la meningitis.	Mildred Catherine Rebstock fue la primera en desarrollar por s√≠ntesis qu√≠mica un antibi√≥tico (cloranfenicol), lo que permiti√≥ su producci√≥n masiva. Actualmente se usa sobre todo contra la c√≥lera y la meningitis.	Mildred Catherine Rebstock fue la primera en desarrollar por s√≠ntesis qu√≠mica un antibi√≥tico (cloranfenicol), lo que permiti√≥ su producci√≥n masiva. Actualmente se usa sobre todo contra la c√≥lera y la meningitis.	https://thumbs.ebaystatic.com/d/l225/m/mlKJGOD2t3wgHbfnrjQ5mXQ.jpg	
¬øQu√© efecto tienen las drogas basadas en alcaloides de la vinca?	Inhiben la divisi√≥n de las c√©lulas tumorales	Inhiben la ca√≠da del cabello	Alivian el dolor de las hemorroides	Los alcaloides de la vinca son usados en el tratamiento del c√°ncer. Originalmente se extra√≠an de la planta vinca de Madagascar y una de las pioneras en su estudio fue la qu√≠mica india Asima Chatterjee.	Los alcaloides de la vinca son usados en el tratamiento del c√°ncer. Originalmente se extra√≠an de la planta vinca de Madagascar y una de las pioneras en su estudio fue la qu√≠mica india Asima Chatterjee.	Los alcaloides de la vinca son usados en el tratamiento del c√°ncer. Originalmente se extra√≠an de la planta vinca de Madagascar y una de las pioneras en su estudio fue la qu√≠mica india Asima Chatterjee.	https://pbs.twimg.com/media/DKY4ZXDWkAA-B4l.jpg	
La estructura de los ribosomas se pudo descubrir con...	Cristalograf√≠a de rayos X	Un microscopio basado en antimateria	Un ribosometro	Ada Yonath pas√≥ d√©cadas estudiando la estructura de los ribosomas por lo que le concedieron un Nobel. Entre otras muchas aplicaciones est√° el desarrollo de nuevos antibi√≥ticos. 	Ada Yonath pas√≥ d√©cadas estudiando la estructura de los ribosomas por lo que le concedieron un Nobel. Entre otras muchas aplicaciones est√° el desarrollo de nuevos antibi√≥ticos. 	Ada Yonath pas√≥ d√©cadas estudiando la estructura de los ribosomas por lo que le concedieron un Nobel. Entre otras muchas aplicaciones est√° el desarrollo de nuevos antibi√≥ticos. 	yonath_red.jpg	
El citrato puede estar relacionado con...	Problemas en los huesos	Las agujetas	Las migra√±as	La qu√≠mica Melinda Duer estudia la estructura interna de los huesos y el papel del citrato (un subproducto del metabolismo celular) en su ruptura. 	La qu√≠mica Melinda Duer estudia la estructura interna de los huesos y el papel del citrato (un subproducto del metabolismo celular) en su ruptura. 	La qu√≠mica Melinda Duer estudia la estructura interna de los huesos y el papel del citrato (un subproducto del metabolismo celular) en su ruptura. 	bones.jpg	
¬øEs bueno o malo que el ozono se destruya en la troposfera?	Bueno	Malo	Neutro	Mientras sea en la troposfera es bueno porque en esta zona el ozono contribuye al efecto invernadero. Lucy Carpenter investiga el ciclo oc√©ano-atm√≥sfera y las mol√©culas que juegan un papel en √©l.	Mientras sea en la troposfera es bueno porque en esta zona el ozono contribuye al efecto invernadero. Lucy Carpenter investiga el ciclo oc√©ano-atm√≥sfera y las mol√©culas que juegan un papel en √©l.	Mientras sea en la troposfera es bueno porque en esta zona el ozono contribuye al efecto invernadero. Lucy Carpenter investiga el ciclo oc√©ano-atm√≥sfera y las mol√©culas que juegan un papel en √©l.	https://royalsociety.org/~/media/people/medallists-2015/Lucy-Carpenter-550.jpg	
¬øQu√© efecto tienen los halocarbonos sobre el ozono?	Lo destruyen	Lo crean	Lo transforman en ozono no t√≥xico	Los halocarbonos son emitidos por el oc√©ano y destruyen ozono.  Lucy Carpenter investiga el ciclo oc√©ano-atm√≥sfera y las mol√©culas que juegan un papel en √©l.	Los halocarbonos son emitidos por el oc√©ano y destruyen ozono.  Lucy Carpenter investiga el ciclo oc√©ano-atm√≥sfera y las mol√©culas que juegan un papel en √©l.	Los halocarbonos son emitidos por el oc√©ano y destruyen ozono.  Lucy Carpenter investiga el ciclo oc√©ano-atm√≥sfera y las mol√©culas que juegan un papel en √©l.	ozono.jpg	
¬øQu√© elemento debido a la contaminaci√≥n se ha encontrado en el cerebro de calderones varados? üêã	Mercurio	Uranio	Plutonio	Zuzana Gajdosechova ha estudiado el efecto del mercurio en el cerebro e h√≠gado de calderones (cet√°ceos).	Zuzana Gajdosechova ha estudiado el efecto del mercurio en el cerebro e h√≠gado de calderones (cet√°ceos).	Zuzana Gajdosechova ha estudiado el efecto del mercurio en el cerebro e h√≠gado de calderones (cet√°ceos).	https://upload.wikimedia.org/wikipedia/commons/7/76/Pilot_whale_spyhop.jpg	
¬øCu√°l es una de las utilidades de los is√≥topos radiactivos? ‚ò¢	Medicina nuclear	Elaboraci√≥n de transg√©nicos	Tejidos para trajes de astronautas	Se pueden utilizar peque√±as cantidades de is√≥topos radioactivos, inyectados o como "comida", para diagnosticar algunas enfermedades. Elizabeth Rona fue una de pioneros que los descubrieron y la que acu√±√≥ el t√©rmino "marcadores radiactivos".	Se pueden utilizar peque√±as cantidades de is√≥topos radioactivos, inyectados o como "comida", para diagnosticar algunas enfermedades. Elizabeth Rona fue una de pioneros que los descubrieron y la que acu√±√≥ el t√©rmino "marcadores radiactivos".	Se pueden utilizar peque√±as cantidades de is√≥topos radioactivos, inyectados o como "comida", para diagnosticar algunas enfermedades. Elizabeth Rona fue una de pioneros que los descubrieron y la que acu√±√≥ el t√©rmino "marcadores radiactivos".	pet.jpg	
¬øQu√© son los is√≥topos? 	√Åtomos de un mismo elemento, con una cantidad diferente de neutrones	Bebidas para despu√©s del deporte	√Åtomos de un mismo elemento, con una cantidad diferente de electrones	Los distintos is√≥topos de un elemento tienen distinto n√∫mero de neutrones. Una de las primeras personas en demostrar su existencia fue Ellen Gleditsch, asistente de Marie Curie.	Los distintos is√≥topos de un elemento tienen distinto n√∫mero de neutrones. Una de las primeras personas en demostrar su existencia fue Ellen Gleditsch, asistente de Marie Curie.	Los distintos is√≥topos de un elemento tienen distinto n√∫mero de neutrones. Una de las primeras personas en demostrar su existencia fue Ellen Gleditsch, asistente de Marie Curie.	https://upload.wikimedia.org/wikipedia/commons/thumb/3/3b/Ellen_Gleditsch.JPG/220px-Ellen_Gleditsch.JPG	
¬øQui√©n acu√±√≥ el t√©rmino "radiactividad"? ‚ò¢	Marie Curie	Lise Meitner	Carrie Fisher	Marie Curie, la √∫nica persona con dos Nobel en dos disciplinas cient√≠ficas, f√≠sica y qu√≠mica, fue pionera en los estudios de radiactividad. 	Marie Curie, la √∫nica persona con dos Nobel en dos disciplinas cient√≠ficas, f√≠sica y qu√≠mica, fue pionera en los estudios de radiactividad. 	Marie Curie, la √∫nica persona con dos Nobel en dos disciplinas cient√≠ficas, f√≠sica y qu√≠mica, fue pionera en los estudios de radiactividad. 	https://cdn2.newsok.biz/cache/r960-bdb2b27b5da982836ac1b9da501d7902.jpg	
¬øPodemos usar los virus para fines cient√≠ficos?	S√≠, por ejemplo, amplificar ADN	¬°No! Los virus son muy peligrosos	Se usan para reducir ADN	La enzima ADN Polimerasa del virus bacteri√≥fagoŒ¶29 se usa para amplificar ADN. La bioqu√≠mica Margarita Salas fue pionera en su caracterizaci√≥n.	La enzima ADN Polimerasa del virus bacteri√≥fagoŒ¶29 se usa para amplificar ADN. La bioqu√≠mica Margarita Salas fue pionera en su caracterizaci√≥n.	La enzima ADN Polimerasa del virus bacteri√≥fagoŒ¶29 se usa para amplificar ADN. La bioqu√≠mica Margarita Salas fue pionera en su caracterizaci√≥n.	MargaritaSalas.jpg	
¬øC√≥mo se "lee" el ADN?	Siempre en la misma direcci√≥n	En sentido antihorario	Con google translate	La bioqu√≠mica Margarita Salas determin√≥ que el ADN se "lee" siempre en la direcci√≥n 5' - 3' (cinco prima - tres prima). Este descubrimiento tiene m√∫ltiples aplicaciones hoy en d√≠a.	La bioqu√≠mica Margarita Salas determin√≥ que el ADN se "lee" siempre en la direcci√≥n 5' - 3' (cinco prima - tres prima). Este descubrimiento tiene m√∫ltiples aplicaciones hoy en d√≠a.	Tal vez alg√∫n d√≠a. ;) La bioqu√≠mica Margarita Salas determin√≥ que el ADN se "lee" siempre en la direcci√≥n 5' - 3' (cinco prima - tres prima). Este descubrimiento tiene m√∫ltiples aplicaciones hoy en d√≠a.	ADN.jpg	
								
								
								
Matem√°ticas								
¬øQui√©n ha sido la √∫nica mujer galardonada con la Medalla Fields (el "Nobel de las Matem√°ticas")?	Maryam Mirzakhani	Sofia Kovalevskaya	Sophie Germain	Maryam Mirzakhani la recibi√≥ en 2014 por sus descubrimientos en geometr√≠a. "Es un gran honor. Ser√© feliz si anima a mujeres j√≥venes. Estoy segura de que habr√° muchas m√°s."	Maryam Mirzakhani la recibi√≥ en 2014 por sus descubrimientos en geometr√≠a. "Es un gran honor. Ser√© feliz si anima a mujeres j√≥venes. Estoy segura de que habr√° muchas m√°s."	Maryam Mirzakhani la recibi√≥ en 2014 por sus descubrimientos en geometr√≠a. "Es un gran honor. Ser√© feliz si anima a mujeres j√≥venes. Estoy segura de que habr√° muchas m√°s."	https://media.newyorker.com/photos/596d3b7a25778a3e4d191cd7/master/w_727,c_limit/Roberts-Maryam-Mirzakhanis-Pioneering-Mathematical-Legacy.jpg	
¬øQu√© es la transformada de ond√≠culas (wavelets)?	Un tipo de transformada que analiza se√±ales en tiempo-frecuencia	Una transformada espacio-temporal	Una transformada para las ondas de radio peque√±as	Las ond√≠culas se han convertido en una herramienta fundamental de matem√°ticas aplicadas modernas en gran parte gracias al trabajo de la matem√°tica Ingrid Daubechies.	Las ond√≠culas se han convertido en una herramienta fundamental de matem√°ticas aplicadas modernas en gran parte gracias al trabajo de la matem√°tica Ingrid Daubechies.	Las ond√≠culas se han convertido en una herramienta fundamental de matem√°ticas aplicadas modernas en gran parte gracias al trabajo de la matem√°tica Ingrid Daubechies.	http://helmut.knaust.info/presentations/2009/20091016_DWT/jpg/Daubechies.jpg	
En los sistemas descritos por la teor√≠a del caos, un peque√±o cambio...	En las condiciones iniciales supone un cambio enorme en las finales	Mejorar√≠a mucho los resultados	En los par√°metros cambiar√≠a mucho las ecuaciones	La matem√°tica Mary Cartwright fue junto a J. E. Littlewood de las primeras en estudiar lo que hoy se conoce por teor√≠a del caos.	La matem√°tica Mary Cartwright fue junto a J. E. Littlewood de las primeras en estudiar lo que hoy se conoce por teor√≠a del caos.	La matem√°tica Mary Cartwright fue junto a J. E. Littlewood de las primeras en estudiar lo que hoy se conoce por teor√≠a del caos.	https://upload.wikimedia.org/wikipedia/commons/b/b4/Verhulst-Mandelbrot-Bifurcation.jpg	
¬øDe qu√© trata la teor√≠a de la computabilidad?	De los problemas de decisi√≥n que pueden ser resueltos con un algoritmo	De c√≥mo realizar operaciones	De la resoluci√≥n de ecuaciones por m√©todos elementales	La matem√°tica R√≥zsa P√©ter es considerada como la madre fundadora de la teor√≠a de la computabilidad.	La matem√°tica R√≥zsa P√©ter es considerada como la madre fundadora de la teor√≠a de la computabilidad.	La matem√°tica R√≥zsa P√©ter es considerada como la madre fundadora de la teor√≠a de la computabilidad.	https://upload.wikimedia.org/wikipedia/commons/7/7e/RozsaPeter.jpg	
¬øSe puede "o√≠r la forma de un tambor" (deducir la forma exacta a partir del sonido que produce)?	No	S√≠	S√≥lo para "tambores bidimensionales"	Carolyn S. Gordon descubri√≥ junto a dos colegas en 1992 un par de formas con el mismo espectro de frecuencias (mismo "sonido"), respondiendo negativamente a esta vieja pregunta matem√°tica.	Carolyn S. Gordon descubri√≥ junto a dos colegas en 1992 un par de formas con el mismo espectro de frecuencias (mismo "sonido"), respondiendo negativamente a esta vieja pregunta matem√°tica.	Carolyn S. Gordon descubri√≥ junto a dos colegas en 1992 un par de formas con el mismo espectro de frecuencias (mismo "sonido"), respondiendo negativamente a esta vieja pregunta matem√°tica.	drums.jpg	
La geometr√≠a algebraica...	Relaciona soluciones de polinomios con objetos geom√©tricos	Funciona al rev√©s que el √°lgebra geom√©trica	Se ocupa de las curvas que aparecen en las operaciones algebraicas	Su estudio comenz√≥ con los matem√°ticos √°rabes y fue impulsado por Descartes. Claire Voisin es una de las mayores expertas actuales.	Su estudio comenz√≥ con los matem√°ticos √°rabes y fue impulsado por Descartes. Claire Voisin es una de las mayores expertas actuales.	Su estudio comenz√≥ con los matem√°ticos √°rabes y fue impulsado por Descartes. Claire Voisin es una de las mayores expertas actuales.	https://c2.staticflickr.com/4/3490/3285386791_e0c0889a10_b.jpg	
El "problema de los diez martinis"...	Va del comportamiento de los "operadores de Schr√∂dinger"	Empieza en realidad a los nueve	Es un conocido problema de √°lgebra lineal	La matem√°tica Svetlana Jitomirskaya resolvi√≥ junto a Artur Avila en 2005 este problema planteado por el f√≠sico matem√°tico Barry Simon, que ofreci√≥ dichos martinis.	La matem√°tica Svetlana Jitomirskaya resolvi√≥ junto a Artur Avila en 2005 este problema planteado por el f√≠sico matem√°tico Barry Simon, que ofreci√≥ dichos martinis.	La matem√°tica Svetlana Jitomirskaya resolvi√≥ junto a Artur Avila en 2005 este problema planteado por el f√≠sico matem√°tico Barry Simon, que ofreci√≥ dichos martinis.	https://upload.wikimedia.org/wikipedia/commons/thumb/4/47/Hofstadter%27s_butterfly.png/320px-Hofstadter%27s_butterfly.png	
¬øQu√© estudia la teor√≠a de nudos?	La topolog√≠a del encaje de c√≠rculos en un espacio tridimensional	Las soluciones de ecuaciones particularmente enrevesadas	Los encajes de homomorfismos	La teor√≠a de nudos tiene relaci√≥n con la de grafos y tambi√©n aparece en ciertas ramas de la f√≠sica. El libro "Braids, Links, and Mapping Class Groups" de Joan Birman es una introducci√≥n est√°ndar para investigadores.	La teor√≠a de nudos tiene relaci√≥n con la de grafos y tambi√©n aparece en ciertas ramas de la f√≠sica. El libro "Braids, Links, and Mapping Class Groups" de Joan Birman es una introducci√≥n est√°ndar para investigadores.	La teor√≠a de nudos tiene relaci√≥n con la de grafos y tambi√©n aparece en ciertas ramas de la f√≠sica. El libro "Braids, Links, and Mapping Class Groups" de Joan Birman es una introducci√≥n est√°ndar para investigadores.	https://enradianes.files.wordpress.com/2017/12/knotts.jpg	
"Los primos de Germain" son:	Un tipo de n√∫meros primos	Una familia de matem√°ticos	N√∫meros que parecen primos, pero no lo son	Sophie Germain fue una f√≠sica, matem√°tica y fil√≥sofa que descubri√≥ un tipo de n√∫meros primos cuyo doble incrementado en una unidad es tambi√©n un n√∫mero primo.	Sophie Germain fue una f√≠sica, matem√°tica y fil√≥sofa que descubri√≥ un tipo de n√∫meros primos cuyo doble incrementado en una unidad es tambi√©n un n√∫mero primo.	Sophie Germain fue una f√≠sica, matem√°tica y fil√≥sofa que descubri√≥ un tipo de n√∫meros primos cuyo doble incrementado en una unidad es tambi√©n un n√∫mero primo.	germain.jpg	
¬øQui√©n de estas divulgadoras no es matem√°tica?	Natalia Ruiz Zelmanovitch	Clara Grima Ruiz	Marta Macho Stadler	Clara Grima y Marta Macho son matem√°ticas y divulgadoras. Natalia Ruiz Zelmanovitch es traductora y est√° especializada en divulgaci√≥n de astronom√≠a. 	Clara Grima y Marta Macho son matem√°ticas y divulgadoras. Natalia Ruiz Zelmanovitch es traductora y est√° especializada en divulgaci√≥n de astronom√≠a. 	Clara Grima y Marta Macho son matem√°ticas y divulgadoras. Natalia Ruiz Zelmanovitch es traductora y est√° especializada en divulgaci√≥n de astronom√≠a. 	divulgadoras.jpg	
"La bruja de Agnesi":	Es una curva	Es una matem√°tica malvada	Es una f√≥rmula matem√°tica	Llama "bruja" por un error de traducci√≥n, la curva de Agnesi sirve para describir fen√≥menos de resonancia. Fue descubierta por la matem√°tica italiana Maria Gaetana Agnesi. 	Llama "bruja" por un error de traducci√≥n, la curva de Agnesi sirve para describir fen√≥menos de resonancia. Fue descubierta por la matem√°tica italiana Maria Gaetana Agnesi. 	Llama "bruja" por un error de traducci√≥n, la curva de Agnesi sirve para describir fen√≥menos de resonancia. Fue descubierta por la matem√°tica italiana Maria Gaetana Agnesi. 	agnesi.jpg	
El conjunto de los n√∫meros reales con la multiplicaci√≥n es...	Un grupo, si excluimos al cero	Un grupo, si inclu√≠mos al cero	Un grupo en cualquier caso	Los grupos son estructuras en √°lgebra que se estudian en teor√≠a de grupos. Maria Wonenburger fue una matem√°tica espa√±ola especializada en este √°rea.	Los grupos son estructuras en √°lgebra que se estudian en teor√≠a de grupos. Maria Wonenburger fue una matem√°tica espa√±ola especializada en este √°rea.	Los grupos son estructuras en √°lgebra que se estudian en teor√≠a de grupos. Maria Wonenburger fue una matem√°tica espa√±ola especializada en este √°rea.	wonenburger.jpg	
								
Ciencias Naturales								
¬øQu√© estructura tiene el ADN?	Una doble h√©lice	Un hipercubo	Una esfera achatada	El ADN o "√°cido desoxirribonucleico" es una mol√©cula que se encuentra en el interior de las c√©lulas y codifica la informaci√≥n gen√©tica. Los trabajos de Rosalind Franklin en difracci√≥n de rayos X del ADN llevaron al descubrimiento de su estructura. 	El ADN o "√°cido desoxirribonucleico" es una mol√©cula que se encuentra en el interior de las c√©lulas y codifica la informaci√≥n gen√©tica. Los trabajos de Rosalind Franklin en difracci√≥n de rayos X del ADN llevaron al descubrimiento de su estructura. 	El ADN o "√°cido desoxirribonucleico" es una mol√©cula que se encuentra en el interior de las c√©lulas y codifica la informaci√≥n gen√©tica. Los trabajos de Rosalind Franklin en difracci√≥n de rayos X del ADN llevaron al descubrimiento de su estructura. 	dna.jpg	
La "era de los dinosaurios" ocurri√≥ durante...	El Mesozoico	El Paleozoico	El Cenozoico	Si volvemos atr√°s 250 millones de a√±os, la Tierra estaba dominada por los dinosaurios. Lo descubrimos gracias a los cazadores de f√≥siles, entre los que destacan Mary Anning.	Justo despu√©s. Si volvemos atr√°s 250 millones de a√±os la Tierra, durante el Mesozoico, estaba dominada por los dinosaurios. Lo descubrimos gracias a los cazadores de f√≥siles, entre los que destacan Mary Anning.	Justo antes. Si volvemos atr√°s 250 millones de a√±os la Tierra, durante el Mesozoico, estaba dominada por los dinosaurios. Lo descubrimos gracias a los cazadores de f√≥siles, entre los que destacan Mary Anning.	mesozoico.jpg	
La parte m√°s interna de la Tierra...	Es un n√∫cleo s√≥lido	Es un n√∫cleo l√≠quido	Es hueca y viven animales gigantes	La sism√≥loga y geof√≠sica Inge Lehmann dise√±√≥ el experimento que permiti√≥ saber que la parte m√°s interna de la Tierra es una esfera s√≥lida de una aleaci√≥n de hierro y n√≠quel.	Una capa l√≠quida recubre un n√∫cleo s√≥lido. La sism√≥loga y geof√≠sica Inge Lehmann dise√±√≥ el experimento que permiti√≥ saber que la parte m√°s interna de la Tierra es una esfera s√≥lida de una aleaci√≥n de hierro y n√≠quel.	Molar√≠a, pero no. La sism√≥loga y geof√≠sica Inge Lehmann dise√±√≥ el experimento que permiti√≥ saber que la parte m√°s interna de la Tierra es una esfera s√≥lida de una aleaci√≥n de hierro y n√≠quel.	https://sunearthday.nasa.gov/2012/images/art_earthinterior_hires.jpg	
¬øQu√© describe el ciclo de Cori?	La circulaci√≥n c√≠clica de la glucosa y el lactato entre el m√∫sculo y el h√≠gado	La circulaci√≥n c√≠clica de la glucosa y la dopamina en el cerebro	La circulaci√≥n c√≠clica de la glucosa y la serotonina entre el m√∫sculo y el coraz√≥n	El ciclo de Cori es la circulaci√≥n c√≠clica de la glucosa y el lactato entre el m√∫sculo y el h√≠gado. Fue descubierto por Gerti Cori y su marido Carl, por lo que se llevaron el Nobel.	El ciclo de Cori es la circulaci√≥n c√≠clica de la glucosa y el lactato entre el m√∫sculo y el h√≠gado. Fue descubierto por Gerti Cori y su marido Carl, por lo que se llevaron el Nobel.	El ciclo de Cori es la circulaci√≥n c√≠clica de la glucosa y el lactato entre el m√∫sculo y el h√≠gado. Fue descubierto por Gerti Cori y su marido Carl, por lo que se llevaron el Nobel.	https://nameberry.com/blog/wp-content/uploads/2010/03/scifem5-319x383.jpg	
Niveles bajos de dopamina est√°n asociados a...	P√©rdida de memoria	Hiperactividad	Autismo	Niveles bajos de dopamina est√°n asociados con varios problemas cerebrales, como la p√©rdida de memoria o enfermedades como el Alzheimer. La descubridora de la asociaci√≥n fue la neurocient√≠fica Pat Goldman-Rakic.	Niveles bajos de dopamina est√°n asociados con varios problemas cerebrales, como la p√©rdida de memoria o enfermedades como el Alzheimer. La descubridora de la asociaci√≥n fue la neurocient√≠fica Pat Goldman-Rakic.	Niveles bajos de dopamina est√°n asociados con varios problemas cerebrales, como la p√©rdida de memoria o enfermedades como el Alzheimer. La descubridora de la asociaci√≥n fue la neurocient√≠fica Pat Goldman-Rakic.	mind.jpg	
La primera evidencia de que no solo los seres humanos usamos herramientas vino de...	Ver chimpanc√©s "pescando" termitas con un palo	Descubrir gorilas cazando con palos	La observaci√≥n de delfines con corales como trampas para peces	Jane Goodall fue la primera persona en documentar el uso de herramientas por chimpanc√©s. Su jefe dir√≠a "ahora tenemos que cambiar la definici√≥n de herramienta... o humano".	Jane Goodall fue la primera persona en documentar el uso de herramientas por chimpanc√©s. Su jefe dir√≠a "ahora tenemos que cambiar la definici√≥n de herramienta... o humano".	Jane Goodall fue la primera persona en documentar el uso de herramientas por chimpanc√©s. Su jefe dir√≠a "ahora tenemos que cambiar la definici√≥n de herramienta... o humano".	http://i1-news.softpedia-static.com/images/news2/Chimps-Catch-On-The-Way-Humans-Do-2.jpg	
En la metamorfosis de un insecto, la pupa es...	Un estado posterior al de larva	El estado previo al de larva	El momento en que se rompe la cris√°lida	La pupa es el estado que lleva de larva a adulto. La descubridora fue Maria Sibylla Merian, la primera especialista en insectos que observ√≥ el proceso de metamorfosis. 	La pupa es el estado que lleva de larva a adulto. La descubridora fue Maria Sibylla Merian, la primera especialista en insectos que observ√≥ el proceso de metamorfosis. 	La pupa es el estado que lleva de larva a adulto. La descubridora fue Maria Sibylla Merian, la primera especialista en insectos que observ√≥ el proceso de metamorfosis. 	pupa.jpg	
Sue, el f√≥sil de Tyrannosaurus rex m√°s completo encontrado, mide... 	12 metros de largo y debi√≥ de pesar unas 10 toneladas	6 metros de anchura y deb√≠a de pesar 5 toneladas	24 metros de largo y deb√≠a de pesar 1000 toneladas	El esqueleto "Sue" fue encontrado por la paleont√≥loga Sue Hendrickson en 1990, en Dakota (USA). 	El esqueleto "Sue" fue encontrado por la paleont√≥loga Sue Hendrickson en 1990, en Dakota (USA). 	El esqueleto "Sue" fue encontrado por la paleont√≥loga Sue Hendrickson en 1990, en Dakota (USA). 	https://bloximages.chicago2.vip.townnews.com/nwitimes.com/content/tncms/assets/v3/editorial/c/be/cbeca802-484a-5436-b4b7-66eb306f8955/cbeca802-484a-5436-b4b7-66eb306f8955.image.jpg	
¬øCu√°ndo decimos que se da epistasis?	Cuando la expresi√≥n de uno o m√°s genes dependen de la expresi√≥n de otro gen	Cuando un solo gen determina la expresi√≥n de una caracter√≠stica	Cuando las c√©lulas est√°n programadas para morir	El trabajo de investigaci√≥n de rasgos hereditarios con ratones de la bi√≥loga Florence Margaret Durham fue uno de los primeros ejemplos de epistasis. 	El trabajo de investigaci√≥n de rasgos hereditarios con ratones de la bi√≥loga Florence Margaret Durham fue uno de los primeros ejemplos de epistasis. 	El trabajo de investigaci√≥n de rasgos hereditarios con ratones de la bi√≥loga Florence Margaret Durham fue uno de los primeros ejemplos de epistasis. 	http://moderndayms.com/wp-content/uploads/2017/06/maxresdefault-1024x819.jpg	
¬øCu√°ntas especies de Drosophila existen?	Al menos 1500	Al menos 150	Solo una	Drosophila es un g√©nero de moscas peque√±as, llamadas frecuentemente ¬´moscas de la fruta¬ª en referencia a su afici√≥n a estar cerca de fruta madura. La bi√≥loga catalana Mar√≠a Moncl√∫s Barber√° era especialista en ellas y descubri√≥ dos especies nuevas. 	Drosophila es un g√©nero de moscas peque√±as, llamadas frecuentemente ¬´moscas de la fruta¬ª en referencia a su afici√≥n a estar cerca de fruta madura. La bi√≥loga catalana Mar√≠a Moncl√∫s Barber√° era especialista en ellas y descubri√≥ dos especies nuevas. 	Drosophila es un g√©nero de moscas peque√±as, llamadas frecuentemente ¬´moscas de la fruta¬ª en referencia a su afici√≥n a estar cerca de fruta madura. La bi√≥loga catalana Mar√≠a Moncl√∫s Barber√° era especialista en ellas y descubri√≥ dos especies nuevas. 	https://upload.wikimedia.org/wikipedia/commons/2/22/Drosophila.jpg	
¬øA qu√© ritmo se expande la dorsal Mesoatl√°ntica?	2 cent√≠metros por a√±o	2 metros por a√±o	2 kil√≥metros por a√±o	Marie Tharp cre√≥ el primer mapa cient√≠fico del suelo oce√°nico en 1957. Demostr√≥ la existencia de la dorsal mesoatl√°ntica y supuso una de las pruebas m√°s contundentes de la deriva continental.	Marie Tharp cre√≥ el primer mapa cient√≠fico del suelo oce√°nico en 1957. Demostr√≥ la existencia de la dorsal mesoatl√°ntica y supuso una de las pruebas m√°s contundentes de la deriva continental.	Marie Tharp cre√≥ el primer mapa cient√≠fico del suelo oce√°nico en 1957. Demostr√≥ la existencia de la dorsal mesoatl√°ntica y supuso una de las pruebas m√°s contundentes de la deriva continental.	https://upload.wikimedia.org/wikipedia/commons/thumb/c/ce/Atlantic_bathymetry.jpg/220px-Atlantic_bathymetry.jpg	
¬øQu√© son las c√©lulas madre?	C√©lulas que pueden diferenciarse en distintos tipos de c√©lulas especializadas	Las c√©lulas de los cromosomas X	Las c√©lulas que se forman en los ovarios antes de la menstruaci√≥n	Gail Martin, bi√≥loga, descubri√≥ c√≥mo aislar c√©lulas madre de embriones y mantenerlas vivas in-vitro. 	Gail Martin, bi√≥loga, descubri√≥ c√≥mo aislar c√©lulas madre de embriones y mantenerlas vivas in-vitro. 	Gail Martin, bi√≥loga, descubri√≥ c√≥mo aislar c√©lulas madre de embriones y mantenerlas vivas in-vitro. 	https://i2.wp.com/indusdictum.com/wp-content/uploads/2018/01/stem-cell-research.jpg	
¬øQu√© son los coprolitos?	Heces fosilizadas	Un tipo de piedra volc√°nica	Un tipo de hongos	Los coprolitos ("piedras de caca") fueron descritos por primera vez en 1829 por William Buckland, bas√°ndose en observaciones previas de Mary Anning, una de las "cazadoras" de f√≥siles m√°s importantes. Antes se pensaba que era un tipo de piedras. 	Los coprolitos ("piedras de caca") fueron descritos por primera vez en 1829 por William Buckland, bas√°ndose en observaciones previas de Mary Anning, una de las "cazadoras" de f√≥siles m√°s importantes. Antes se pensaba que era un tipo de piedras. 	Los coprolitos ("piedras de caca") fueron descritos por primera vez en 1829 por William Buckland, bas√°ndose en observaciones previas de Mary Anning, una de las "cazadoras" de f√≥siles m√°s importantes. Antes se pensaba que era un tipo de piedras. 	MaryAnning.jpg	
¬øQu√© es la t√©cnica CRISPR/Cas 9?	Una t√©cnica de edici√≥n gen√©tica	Una t√©cnica no invasiva para operar el coraz√≥n	Una t√©cnica para hacer m√°s crujientes los cereales	Jennifer Doudna es una de las descubridoras de CRISPR, una t√©cnica para hacer un "corta y pega" del ADN que podr√≠a permitir curar ciertas enfermedades.	Jennifer Doudna es una de las descubridoras de CRISPR, una t√©cnica para hacer un "corta y pega" del ADN que podr√≠a permitir curar ciertas enfermedades.	Jennifer Doudna es una de las descubridoras de CRISPR, una t√©cnica para hacer un "corta y pega" del ADN que podr√≠a permitir curar ciertas enfermedades.	jennifer.jpg	
¬øImporta el tama√±o de los tel√≥meros?	Es mejor que sean largos	Cuanto m√°s cortos mejor	El tama√±o no importa	Seg√∫n las c√©lulas envejecen los tel√≥meros (los extremos de los cromosomas) se van acortando, hasta que los cromosomas se vuelven demasiado cortos y ya no pueden replicarse m√°s: la c√©lula ya no se podr√° reproducir. Lo descubri√≥ la Nobel  Elizabeth Blackburn.	Seg√∫n las c√©lulas envejecen los tel√≥meros (los extremos de los cromosomas) se van acortando, hasta que los cromosomas se vuelven demasiado cortos y ya no pueden replicarse m√°s: la c√©lula ya no se podr√° reproducir. Lo descubri√≥ la Nobel Elizabeth Blackburn.	Seg√∫n las c√©lulas envejecen los tel√≥meros (los extremos de los cromosomas) se van acortando, hasta que los cromosomas se vuelven demasiado cortos y ya no pueden replicarse m√°s: la c√©lula ya no se podr√° reproducir. Lo descubri√≥ la Nobel Elizabeth Blackburn.	Xchromosomesm.jpg	
¬øQu√© es la telomerasa?	Una enzima que permite el alargamiento de los tel√≥meros	Una enzima que permite el acortamiento de los tel√≥meros	Una bacteria que destruye a los tel√≥meros	La telomerasa fue descubierta por las Nobel Elizabeth Blackburn y Carol Greider. Se trata de una enzima de las c√©lulas que las ayuda a mantenerse vivas al agregar ADN a los tel√≥meros (los extremos de los cromosomas).	La telomerasa fue descubierta por las Nobel Elizabeth Blackburn y Carol Greider. Se trata de una enzima de las c√©lulas que las ayuda a mantenerse vivas al agregar ADN a los tel√≥meros (los extremos de los cromosomas).	La telomerasa fue descubierta por las Nobel Elizabeth Blackburn y Carol Greider. Se trata de una enzima de las c√©lulas que las ayuda a mantenerse vivas al agregar ADN a los tel√≥meros (los extremos de los cromosomas).	BlackburnGreider.jpg	
¬øSobre qu√© alerta el libro "la primavera silenciosa"?	El peligro del uso indiscriminado de los pesticidas	El peligro del cambio clim√°tico	El peligro de la contaminaci√≥n	El libro de Rachel Carlson es uno de los primeros de divulgaci√≥n sobre impacto ambiental. Alertaba especialmente de los peligros del pesticida DDT.	El libro de Rachel Carlson es uno de los primeros de divulgaci√≥n sobre impacto ambiental. Alertaba especialmente de los peligros del pesticida DDT.	El libro de Rachel Carlson es uno de los primeros de divulgaci√≥n sobre impacto ambiental. Alertaba especialmente de los peligros del pesticida DDT.	rachelCarson.jpg	
En el caso de los escarabajos, ¬øqu√© cromosoma determina que sean machos?	El Y	El X	No hay machos	Nettie Stevens fue la primera en describir las bases cromos√≥micas que determinan el sexo, bas√°ndose en sus estudios con escarabajos. 	Nettie Stevens fue la primera en describir las bases cromos√≥micas que determinan el sexo, bas√°ndose en sus estudios con escarabajos. 	Nettie Stevens fue la primera en describir las bases cromos√≥micas que determinan el sexo, bas√°ndose en sus estudios con escarabajos. 	escarabajo.jpg	
¬øCu√°ntas especies de p√°jaros hay?	Unas 10000	Unas 5000	Unas 50000	Phoebe Snetsinger fue una ornit√≥loga famosa por haber observado y descrito m√°s de 8300 diferentes especies de aves (se conocen 10000). Es la persona que m√°s especies de p√°jaros ha observado. 	Phoebe Snetsinger fue una ornit√≥loga famosa por haber observado y descrito m√°s de 8300 diferentes especies de aves (se conocen 10000). Es la persona que m√°s especies de p√°jaros ha observado. 	Phoebe Snetsinger fue una ornit√≥loga famosa por haber observado y descrito m√°s de 8300 diferentes especies de aves (se conocen 10000). Es la persona que m√°s especies de p√°jaros ha observado. 	https://i2.wp.com/meowlogy.com/wp-content/uploads/2018/01/30Funny-Birds-.jpg	
¬øA partir de que edad se dejan de generar neuronas?	Nunca	A los 30 a√±os	A los 60 a√±os	Elizabeth Gould mostr√≥ indicios de que durante toda la vida se crean nuevas neuronas en el hipocampo, la regi√≥n del cerebro encargada de los recuerdos. 	Elizabeth Gould mostr√≥ indicios de que durante toda la vida se crean nuevas neuronas en el hipocampo, la regi√≥n del cerebro encargada de los recuerdos. 	Elizabeth Gould mostr√≥ indicios de que durante toda la vida se crean nuevas neuronas en el hipocampo, la regi√≥n del cerebro encargada de los recuerdos. 	117233951-neurons.jpg	
								
								
Medicina								
La tos ferina es una enfermedad causada por...	Una bacteria	Un virus	Una mutaci√≥n	La tos ferina est√° causada por la bacteria Bordetella pertussis. La co-descubridora de una vacuna contra la tos ferina fue la pediatra danesa Leila Denmark.	La tos ferina est√° causada por la bacteria Bordetella pertussis. La co-descubridora de una vacuna contra la tos ferina fue la pediatra danesa Leila Denmark.	La tos ferina est√° causada por la bacteria Bordetella pertussis. La co-descubridora de una vacuna contra la tos ferina fue la pediatra danesa Leila Denmark.	https://i.pinimg.com/originals/8c/db/e5/8cdbe5147375c4fb9db6a8d190202490.jpg	
¬øDe qu√© especie viene el virus VIH-1, uno de los causantes del SIDA?	De chimpanc√©s	De murci√©lagos	De mosquitos	Beatrice H. Hahn fue la investigadora que demostr√≥ que la procedencia del VIH-1 era una subespecie de chimpanc√©s. El otro virus, VIH-2, proviene de monos.  	Beatrice H. Hahn fue la investigadora que demostr√≥ que la procedencia del VIH-1 era una subespecie de chimpanc√©s. El otro virus, VIH-2, proviene de monos.  	Beatrice H. Hahn fue la investigadora que demostr√≥ que la procedencia del VIH-1 era una subespecie de chimpanc√©s. El otro virus, VIH-2, proviene de monos.  	https://janegoodall.ca/wp-content/uploads/2017/04/Petit-Prince-June.jpg	
¬øDe qu√© especie viene el par√°sito que causa la malaria en humanos?	Del gorila	Del mosquito	Del murci√©lago	Beatrice H. Hahn fue la investigadora que demostr√≥ que el par√°sito P. falciparum fue transmitido a los humanos desde gorilas.	Beatrice H. Hahn fue la investigadora que demostr√≥ que el par√°sito P. falciparum fue transmitido a los humanos desde gorilas.	Beatrice H. Hahn fue la investigadora que demostr√≥ que el par√°sito P. falciparum fue transmitido a los humanos desde gorilas.	http://i.dailymail.co.uk/i/pix/2017/07/04/09/420353C400000578-4663964-image-m-26_1499157720170.jpg	
¬øQu√© es la candidiasis?	Una infecci√≥n por levaduras	La adicci√≥n a Candy Crush	Una infecci√≥n bacteriana	La candidiasis en una infecci√≥n causada por cualquiera de las levaduras Candida. Para tratarla se usan fungicidas. Uno de los primeros descubiertos que se pod√≠a utilizar con personas fue por la microbi√≥loga Elizabeth Lee Hazen y la qu√≠mica Rachel Fuller Brown. 	La candidiasis en una infecci√≥n causada por cualquiera de las levaduras Candida. Para tratarla se usan fungicidas. Uno de los primeros descubiertos que se pod√≠a utilizar con personas fue por la microbi√≥loga Elizabeth Lee Hazen y la qu√≠mica Rachel Fuller Brown. 	La candidiasis en una infecci√≥n causada por cualquiera de las levaduras Candida. Para tratarla se usan fungicidas. Uno de los primeros descubiertos que se pod√≠a utilizar con personas fue por la microbi√≥loga Elizabeth Lee Hazen y la qu√≠mica Rachel Fuller Brown. 	https://mujeresconciencia.com/app/uploads/2014/11/Elizabeth_Lee_Hazen_Rachel_Fuller_Brown_1950s.jpg	
El SIDA se debe a...	Un virus	Una bacteria	C√©lulas sangu√≠neas	Fran√ßoise Barr√©-Sinoussi gan√≥ el Nobel en 2008 por el descubrimiento del VIH, el virus causante del SIDA.	Fran√ßoise Barr√©-Sinoussi gan√≥ el Nobel en 2008 por el descubrimiento del VIH, el virus causante del SIDA.	Fran√ßoise Barr√©-Sinoussi gan√≥ el Nobel en 2008 por el descubrimiento del VIH, el virus causante del SIDA.	https://errequerreblog.files.wordpress.com/2013/06/francoise_barre-sinoussi.jpg	
¬øQui√©n desmont√≥ el mito de que el autismo era debido a "madres fr√≠as"?	Isabelle Rapin	Emma Watson	Meredith Grey	Isabelle Rapin dedic√≥ d√©cadas al estudio de los problemas de comunicaci√≥n durante la infancia, especializ√°ndose en el espectro autista. 	Isabelle Rapin dedic√≥ d√©cadas al estudio de los problemas de comunicaci√≥n durante la infancia, especializ√°ndose en el espectro autista. 	Isabelle Rapin dedic√≥ d√©cadas al estudio de los problemas de comunicaci√≥n durante la infancia, especializ√°ndose en el espectro autista. 	https://images-na.ssl-images-amazon.com/images/I/51RD56APCML._SX356_BO1,204,203,200_.jpg	
La deficiencia de yodo puede llevar a...	Desarrollar bocio	Desarrollar autismo	Desarrollar Alzheimer	Gabriela Morreale de Escobar, endocrin√≥loga espa√±ola, demostr√≥ en su tesis la relaci√≥n entre la falta de yodo y el aumento del tama√±o de la gl√°ndula tiroidea. 	Gabriela Morreale de Escobar, endocrin√≥loga espa√±ola, demostr√≥ en su tesis la relaci√≥n entre la falta de yodo y el aumento del tama√±o de la gl√°ndula tiroidea. 	Gabriela Morreale de Escobar, endocrin√≥loga espa√±ola, demostr√≥ en su tesis la relaci√≥n entre la falta de yodo y el aumento del tama√±o de la gl√°ndula tiroidea. 	https://4.bp.blogspot.com/-PDgEXp7ufv8/VxotFWfJ-9I/AAAAAAAAXHI/zjLonGBv4yc4ggDHRgfTE7Z-mtwo91coQCLcB/s640/gabriela-morreale.jpg	
¬øPara qu√© sirve la prueba del tal√≥n? 	Para detectar de forma precoz enfermedades en beb√©s	Para detectar trastornos neurodegenerativos en personas mayores	Para detectar trastornos de crecimiento en adolescentes	Gabriela Morreale implant√≥ en Espa√±a esta t√©cnica de detecci√≥n precoz de enfermedades en reci√©n nacidos tomando una muestra de sangre del tal√≥n.	Gabriela Morreale implant√≥ en Espa√±a esta t√©cnica de detecci√≥n precoz de enfermedades en reci√©n nacidos tomando una muestra de sangre del tal√≥n.	Gabriela Morreale implant√≥ en Espa√±a esta t√©cnica de detecci√≥n precoz de enfermedades en reci√©n nacidos tomando una muestra de sangre del tal√≥n.	http://www.leonoticias.com/noticias/201611/21/media/talon.jpg	
¬øQu√© es el test de Apgar?	Un test para reci√©n nacidos	Un test para diagnosticar c√°ncer de mama	Un test diagn√≥stico para el s√≠ndrome de Asperger	Es un test para evaluar la salud de los reci√©n nacidos. Fue dise√±ado por la pediatra Virginia Apgar en 1953 y se sigue usando. 	Es un test para evaluar la salud de los reci√©n nacidos. Fue dise√±ado por la pediatra Virginia Apgar en 1953 y se sigue usando. 	Es un test para evaluar la salud de los reci√©n nacidos. Fue dise√±ado por la pediatra Virginia Apgar en 1953 y se sigue usando. 	VirginiaApgar.jpg	
¬øPuede ser el c√°ncer de mama hereditario?	S√≠, un peque√±o porcentaje de los casos	S√≠, un gran porcentaje de los casos	No	Mary-Claire King demostr√≥ en 1990 que el gen BRCA1 podr√≠a ser responsable de hasta un 10% de los c√°nceres de mama. Su descubrimiento revolucion√≥ la investigaci√≥n sobre varias enfermedades. 	Mary-Claire King demostr√≥ en 1990 que el gen BRCA1 podr√≠a ser responsable de hasta un 10% de los c√°nceres de mama. Su descubrimiento revolucion√≥ la investigaci√≥n sobre varias enfermedades. 	Mary-Claire King demostr√≥ en 1990 que el gen BRCA1 podr√≠a ser responsable de hasta un 10% de los c√°nceres de mama. Su descubrimiento revolucion√≥ la investigaci√≥n sobre varias enfermedades. 	https://static01.nyt.com/images/2015/04/21/business/breast1/breast1-blog427.jpg	
Una de las terapias contra en c√°ncer de mama se basa en...	El bloqueo de la producci√≥n de estr√≥geno	El aumento de la producci√≥n de estr√≥geno	El bloque de la producci√≥n de insulina	Angela M. Hartley Brodie fue la desarrolladora de una nueva terapia contra el c√°ncer de mama basada en "inhibidores de aromatasa" que bloquean la producci√≥n de estr√≥genos.	Angela M. Hartley Brodie fue la desarrolladora de una nueva terapia contra el c√°ncer de mama basada en "inhibidores de aromatasa" que bloquean la producci√≥n de estr√≥genos.	Angela M. Hartley Brodie fue la desarrolladora de una nueva terapia contra el c√°ncer de mama basada en "inhibidores de aromatasa" que bloquean la producci√≥n de estr√≥genos.	http://media.springernature.com/m685/nature-static/assets/v1/image-assets/548032a-i1.jpg	
¬øCu√°ndo se consigui√≥ hacer un mapa del  VIH, causante del sida?	En 1985	En 2005	En 2015	Flossie Wong-Staal fue la primera en clonar el VIH y hacer una mapa de todos sus genes, lo que permiti√≥ avanzar en la investigaci√≥n y poder detectarlo con tests en sangre.	Flossie Wong-Staal fue la primera en clonar el VIH y hacer una mapa de todos sus genes, lo que permiti√≥ avanzar en la investigaci√≥n y poder detectarlo con tests en sangre.	Flossie Wong-Staal fue la primera en clonar el VIH y hacer una mapa de todos sus genes, lo que permiti√≥ avanzar en la investigaci√≥n y poder detectarlo con tests en sangre.	vih.jpg	
¬øCu√°l de estas enfermedades no est√° relacionada con prote√≠nas "mal dobladas"?	Anemia	Enfermedad de las vacas locas	Alzheimer	Susan Lindquist era una experta en el estudio de las distintas formas que pueden adoptar su prote√≠na y su relaci√≥n con enfermedades como Parkinson, Alzheimer, Huntington...	Susan Lindquist era una experta en el estudio de las distintas formas que pueden adoptar su prote√≠na y su relaci√≥n con enfermedades como Parkinson, Alzheimer, Huntington...	Susan Lindquist era una experta en el estudio de las distintas formas que pueden adoptar su prote√≠na y su relaci√≥n con enfermedades como Parkinson, Alzheimer, Huntington...	dna.jpg	
¬øPuede la leucemia ser causada por mutaciones?	S√≠	No	A√∫n no lo sabemos	Janet Rowley descubri√≥ que mutaciones en algunos genes llevan a ciertos tipos de leucemia, lo que llev√≥ a nuevos tratamientos. 	Janet Rowley descubri√≥ que mutaciones en algunos genes llevan a ciertos tipos de leucemia, lo que llev√≥ a nuevos tratamientos. 	Janet Rowley descubri√≥ que mutaciones en algunos genes llevan a ciertos tipos de leucemia, lo que llev√≥ a nuevos tratamientos. 	janet.jpg	
La diabetes de tipo II est√° relacionada con...	La resistencia a la insulina	Mal funcionamiento del ri√±√≥n	Un bazo superactivo	Rosalyn Sussman Yalow se llev√≥ en Premio Nobel de Medicina por la creaci√≥n del radioinmunoan√°lisis. Esta t√©cnica le permiti√≥ ahondar en las causas de la diabetes II y se us√≥ para la investigaci√≥n de muchas enfermedades.	Rosalyn Sussman Yalow se llev√≥ en Premio Nobel de Medicina por la creaci√≥n del radioinmunoan√°lisis. Esta t√©cnica le permiti√≥ ahondar en las causas de la diabetes II y se us√≥ para la investigaci√≥n de muchas enfermedades.	Rosalyn Sussman Yalow se llev√≥ en Premio Nobel de Medicina por la creaci√≥n del radioinmunoan√°lisis. Esta t√©cnica le permiti√≥ ahondar en las causas de la diabetes II y se us√≥ para la investigaci√≥n de muchas enfermedades.	https://upload.wikimedia.org/wikipedia/commons/thumb/3/3d/Rosalyn_Yalow.jpg/220px-Rosalyn_Yalow.jpg	
¬øQu√© es el s√≠ndrome del beb√© azul?	Beb√©s con piel azulada por falta de ox√≠geno	Beb√©s con piel azulada por falta de melanina	Beb√©s con pelo azul por falta de melanina	Helen Brooke Taussig, fundadora de la cardiolog√≠a pedi√°trica, estudi√≥ este s√≠ndrome y desarroll√≥ un tratamiento quir√∫rgico. 	Helen Brooke Taussig, fundadora de la cardiolog√≠a pedi√°trica, estudi√≥ este s√≠ndrome y desarroll√≥ un tratamiento quir√∫rgico. 	Helen Brooke Taussig, fundadora de la cardiolog√≠a pedi√°trica, estudi√≥ este s√≠ndrome y desarroll√≥ un tratamiento quir√∫rgico. 	http://acurator.com/blog/Karsh_Taussig_Helen.jpg	
Durante la guerra de Crimea (1853) la principal causa de muerte de los soldados heridos fue...	Enfermedades como tifus y c√≥lera	Heridas de guerra	Suicidio	Florence Nightingale, enfermera y estad√≠stica, investig√≥ las causas y presion√≥ para que se mejoraran las condiciones higi√©nicas de los heridos. Tambi√©n fund√≥ la primera escuela de enfermer√≠a (no religiosa).	Florence Nightingale, enfermera y estad√≠stica, investig√≥ las causas y presion√≥ para que se mejoraran las condiciones higi√©nicas de los heridos. Tambi√©n fund√≥ la primera escuela de enfermer√≠a (no religiosa).	Florence Nightingale, enfermera y estad√≠stica, investig√≥ las causas y presion√≥ para que se mejoraran las condiciones higi√©nicas de los heridos. Tambi√©n fund√≥ la primera escuela de enfermer√≠a (no religiosa).	https://upload.wikimedia.org/wikipedia/commons/thumb/b/ba/Florence_Nightingale._Coloured_lithograph._Wellcome_V0006579.jpg/240px-Florence_Nightingale._Coloured_lithograph._Wellcome_V0006579.jpg	
¬øQu√© es la transmisi√≥n cruzada de infecciones?	Infecci√≥n desde un paciente a otros pacientes o personal sanitario	La transmisi√≥n de enfermedades de madres a sus beb√©s	Cuando dos infecciones se reproducen y dan lugar a una nueva infecci√≥n	Ida √òrskov fue la primera que hizo un estudio cient√≠fico del riesgo mostrando el riesgo del contagio de infecciones entre pacientes y personal sanitario en hospitales.	Ida √òrskov fue la primera que hizo un estudio cient√≠fico del riesgo mostrando el riesgo del contagio de infecciones entre pacientes y personal sanitario en hospitales.	Ida √òrskov fue la primera que hizo un estudio cient√≠fico del riesgo mostrando el riesgo del contagio de infecciones entre pacientes y personal sanitario en hospitales.	house.jpg	
¬øCu√°l es la principal causa de problemas en los trasplantes?	Rechazo inmunol√≥gico	Infecciones durante la operaci√≥n	El √≥rgano donado no estaba en buen estado	La bi√≥loga Els Goulmy es una experta en el √°rea de "los ant√≠genos menores de histocompatibilidad" que pueden llevar al rechazo de transplantes. 	La bi√≥loga Els Goulmy es una experta en el √°rea de "los ant√≠genos menores de histocompatibilidad" que pueden llevar al rechazo de transplantes. 	La bi√≥loga Els Goulmy es una experta en el √°rea de "los ant√≠genos menores de histocompatibilidad" que pueden llevar al rechazo de transplantes. 	antigen.jpg	
¬øCu√°l de estos tratamientos se puede utilizar contra la leucemia?	Un trasplante de m√©dula √≥sea	Un transplante de bazo	Un trasplante de las gl√°ndulas endocrinas	Dottie Thomas y su marido fueron los pioneros en la investigaci√≥n contra la leucemia y el desarrollo de los trasplantes de m√©dula √≥sea. Por ello le dieron a √©l el Nobel de Medicina. (¬øEres ya donante de m√©dula?)	Dottie Thomas y su marido fueron los pioneros en la investigaci√≥n contra la leucemia y el desarrollo de los trasplantes de m√©dula √≥sea. Por ello le dieron a √©l el Nobel de Medicina. (¬øEres ya donante de m√©dula?)	Dottie Thomas y su marido fueron los pioneros en la investigaci√≥n contra la leucemia y el desarrollo de los trasplantes de m√©dula √≥sea. Por ello le dieron a √©l el Nobel de Medicina. (¬øEres ya donante de m√©dula?)	https://static.seattletimes.com/wp-content/uploads/2015/01/2025434580-300x0.jpg	
								
								
Tecnolog√≠a								
¬øCu√°ndo se hizo el primer programa de ordenador?	1842	1912	1945	En 1842 Ada Lovelace public√≥ un algoritmo para computar los n√∫meros de Bernoulli en la "M√°quina Anal√≠tica" de Babbage.	En 1842 Ada Lovelace public√≥ un algoritmo para computar los n√∫meros de Bernoulli en la "M√°quina Anal√≠tica" de Babbage.	En 1842 Ada Lovelace public√≥ un algoritmo para computar los n√∫meros de Bernoulli en la "M√°quina Anal√≠tica" de Babbage.	https://carteleradehistoria2.files.wordpress.com/2014/10/ay95895977ada-lovelace-engl.jpg	
¬øQui√©n invent√≥ el t√©rmino "ingenier√≠a de software"?	Margaret Hamilton	Alan Turing	Ada Lovelace	Margaret Hamilton fue la responsable del software de vuelo del Apolo XI, con el que se lleg√≥ a la Luna. El c√≥digo escrito por ella y su equipo est√° disponible en internet.	Margaret Hamilton fue la responsable del software de vuelo del Apolo XI, con el que se lleg√≥ a la Luna. El c√≥digo escrito por ella y su equipo est√° disponible en internet.	Margaret Hamilton fue la responsable del software de vuelo del Apolo XI, con el que se lleg√≥ a la Luna. El c√≥digo escrito por ella y su equipo est√° disponible en internet.	https://upload.wikimedia.org/wikipedia/commons/d/db/Margaret_Hamilton_-_restoration.jpg	
¬øQu√© es un lenguaje de programaci√≥n independiente de la m√°quina?	El que puede compilarse para ejecutarse en hardware diverso	El que no depende de una m√°quina para ejecutarse	El que no se escribe con una m√°quina	Grace Hopper, conocida como la madre (o abuela) del COBOL, populariz√≥ la idea de que los ordenadores se programaran en un lenguaje independiente y "con palabras".	Grace Hopper, conocida como la madre (o abuela) del COBOL, populariz√≥ la idea de que los ordenadores se programaran en un lenguaje independiente y "con palabras".	Grace Hopper, conocida como la madre (o abuela) del COBOL, populariz√≥ la idea de que los ordenadores se programaran en un lenguaje independiente y "con palabras".	grace_hopper.jpg	
¬øCu√°l de estos estuvo entre los primeros ordenadores completamente digitales?	ENIAC	HAL	RATS	Se cre√≠a que el ENIAC fue el primero, pero Colossus, usado por los criptoanalistas brit√°nicos y secreto hasta recientemente, se adelant√≥. El ENIAC, desarrollado para la segunda guerra mundial, fue programado solo por mujeres.	Se cre√≠a que el ENIAC fue el primero, pero Colossus, usado por los criptoanalistas brit√°nicos y secreto hasta recientemente, se adelant√≥. El ENIAC, desarrollado para la segunda guerra mundial, fue programado solo por mujeres.	Se cre√≠a que el ENIAC fue el primero, pero Colossus, usado por los criptoanalistas brit√°nicos y secreto hasta recientemente, se adelant√≥. El ENIAC, desarrollado para la segunda guerra mundial, fue programado solo por mujeres.	https://nursingclio.org/wp-content/uploads/2014/10/eniac_scientists_holding_various_parts_of_the_computer.jpg	
¬øQui√©n invent√≥ un sistema secreto de comunicaciones durante la Segunda Guerra Mundial para controlar torpedos? 	Hedy Lamarr	Greta Garbo	Vera Kerbal	Hedy Lamarr era actriz e inventora aficionada. El sistema ideado para los torpedos se emplear√≠a como base en la comunicaci√≥n por bluetooth y WiFi.	Hedy Lamarr era actriz e inventora aficionada. El sistema ideado para los torpedos se emplear√≠a como base en la comunicaci√≥n por bluetooth y WiFi.	Hedy Lamarr era actriz e inventora aficionada. El sistema ideado para los torpedos se emplear√≠a como base en la comunicaci√≥n por bluetooth y WiFi.	https://img.buzzfeed.com/buzzfeed-static/static/2014-08/8/10/enhanced/webdr08/enhanced-22391-1407508174-1.jpg	
¬øQui√©n invent√≥ el dise√±o de las jeringas "modernas"?	Letitia Geer	Iggy Pop	Florence Nightingale	Letitia Geer patent√≥ su dise√±o en 1899. Hasta entonces las jeringas se ten√≠an que operar con las dos manos. 	Letitia Geer patent√≥ su dise√±o en 1899. Hasta entonces las jeringas se ten√≠an que operar con las dos manos. 	Letitia Geer patent√≥ su dise√±o en 1899. Hasta entonces las jeringas se ten√≠an que operar con las dos manos. 	https://original-peptide.com/56-thickbox_default/jeringuilla-de-la-insulina.jpg	
¬øPara qu√© sirve un astrolabio?	Para medir la inclinaci√≥n de las estrellas	Para resolver ecuaciones diferenciales	Para hacer sumas r√°pidamente	El astrolabio permit√≠a a marineros y astr√≥nomos identificar estrellas y planetas, triangular y determinar la latitud sabiendo el tiempo y viceversa. Hay indicios de que Hipatia de Alejandr√≠a fue su inventora.	El astrolabio permit√≠a a marineros y astr√≥nomos identificar estrellas y planetas, triangular y determinar la latitud sabiendo el tiempo y viceversa. Hay indicios de que Hipatia de Alejandr√≠a fue su inventora.	El astrolabio permit√≠a a marineros y astr√≥nomos identificar estrellas y planetas, triangular y determinar la latitud sabiendo el tiempo y viceversa. Hay indicios de que Hipatia de Alejandr√≠a fue su inventora.	https://upload.wikimedia.org/wikipedia/commons/thumb/1/18/Astrolabe-Persian-18C.jpg/1024px-Astrolabe-Persian-18C.jpg	
¬øCu√°ndo se invent√≥ el primer lavavajillas autom√°tico? 	1893	1953	1603	Josephine Garis Cochran fue la inventora del primer lavavajillas que se comercializ√≥. Se usaba sobre todo en hospitales y hoteles. 	Josephine Garis Cochran fue la inventora del primer lavavajillas que se comercializ√≥. Se usaba sobre todo en hospitales y hoteles. 	Josephine Garis Cochran fue la inventora del primer lavavajillas que se comercializ√≥. Se usaba sobre todo en hospitales y hoteles. 	https://1dcem613f5v8509f13ajfcqx-wpengine.netdna-ssl.com/wp-content/uploads/Garis-Cochrane-dishwasher-1909-750x1064.jpg	
¬øHacia qu√© sector estuvo enfocado el lenguaje COBOL?	Sector de negocios	COdise√±o de BOLudos	Sector cient√≠fico	COBOL (COmmon Business-Oriented Language) fue creado en 1959 como un lenguaje de programaci√≥n universal que pudiera ser usado en cualquier ordenador. Dos de los seis dise√±adores eran mujeres: Jean E. Sammet y Gertrude Tierney.	COBOL (COmmon Business-Oriented Language) fue creado en 1959 como un lenguaje de programaci√≥n universal que pudiera ser usado en cualquier ordenador. Dos de los seis dise√±adores eran mujeres: Jean E. Sammet y Gertrude Tierney.	COBOL (COmmon Business-Oriented Language) fue creado en 1959 como un lenguaje de programaci√≥n universal que pudiera ser usado en cualquier ordenador. Dos de los seis dise√±adores eran mujeres: Jean E. Sammet y Gertrude Tierney.	https://cdn-blog.adafruit.com/uploads/2017/06/Isammet_102743942sm.jpg	
¬øCu√°ndo se invent√≥ el primer sistema inform√°tico para encontrar pareja?	1964	1994	2004	Joan Ball, una pionera de la inform√°tica, fund√≥ la primera empresa dedicada a ayudar a encontrar pareja con la ayuda de la inform√°tica: "St. James Computer Dating Service".	Joan Ball, una pionera de la inform√°tica, fund√≥ la primera empresa dedicada a ayudar a encontrar pareja con la ayuda de la inform√°tica: "St. James Computer Dating Service".	Joan Ball, una pionera de la inform√°tica, fund√≥ la primera empresa dedicada a ayudar a encontrar pareja con la ayuda de la inform√°tica: "St. James Computer Dating Service".	https://i.pinimg.com/736x/78/28/da/7828da78bbaeaa59631b8da8730a6ecd--baby-kittens-adorable-kittens.jpg	
¬øQu√© quiere decir DNS?	Domain Name System	Do Not Suck	Donor National Service	Elizabeth "Jake" Feinler ide√≥ un sistema para tener un listado de direcciones en internet que evolucion√≥ al actual Domain Name System. 	Elizabeth "Jake" Feinler ide√≥ un sistema para tener un listado de direcciones en internet que evolucion√≥ al actual Domain Name System. 	Elizabeth "Jake" Feinler ide√≥ un sistema para tener un listado de direcciones en internet que evolucion√≥ al actual Domain Name System. 	https://web.stanford.edu/dept/SUL/library/extra4/sloan/mousesite/gallery/photos/3851-043.jpg	
¬øQu√© tama√±o ten√≠a el que se considera el primer "minicomputador"?	Una nevera	Una caja de zapatos	Un coche	En 1961 se dise√±√≥ el primer "minicomputador", LINC. Una de sus programadoras, Mary Allen Wilkes, se convertir√≠a en 1965 en la primera persona en usar un ordenador desde casa. 	En 1961 se dise√±√≥ el primer "minicomputador", LINC. Una de sus programadoras, Mary Allen Wilkes, se convertir√≠a en 1965 en la primera persona en usar un ordenador desde casa. 	En 1961 se dise√±√≥ el primer "minicomputador", LINC. Una de sus programadoras, Mary Allen Wilkes, se convertir√≠a en 1965 en la primera persona en usar un ordenador desde casa. 	linc.jpg	
¬øCu√°ntas mujeres han ganado alguno de los 52 premios Turing concedidos, el "Nobel" de la inform√°tica?	3	0	20	Las galardonadas han sido Francis "Fran" Elizabeth Allen (2006), Barbara Liskov (2008) y Shafi Goldwasser (2012).	Las galardonadas han sido Francis "Fran" Elizabeth Allen (2006), Barbara Liskov (2008) y Shafi Goldwasser (2012).	Las galardonadas han sido Francis "Fran" Elizabeth Allen (2006), Barbara Liskov (2008) y Shafi Goldwasser (2012).	http://news.mit.edu/sites/mit.edu.newsoffice/files/images/2009/20091222102310-0_0.jpg	
¬øCu√°l se considera el primer videojuego de aventura gr√°fica?	Mystery House	Monkey Island	AstroChat	Roberta Williams dise√±√≥ varios de los primeros videojuegos de aventura gr√°fica por lo que se le suele considerar la creadora de este g√©nero. Mystery House se lanz√≥ en 1980.	Roberta Williams dise√±√≥ varios de los primeros videojuegos de aventura gr√°fica por lo que se le suele considerar la creadora de este g√©nero. Mystery House se lanz√≥ en 1980.	Roberta Williams dise√±√≥ varios de los primeros videojuegos de aventura gr√°fica por lo que se le suele considerar la creadora de este g√©nero. Mystery House se lanz√≥ en 1980.	roberta.jpg	
¬øCu√°l es el origen de la palabra "computadora"?	Personas que hac√≠an c√°lculos	Viene de computaci√≥n: ruso para ordenador	Viene de la marca del primer ordenador comercial, Computerix	Hasta que surgieron los ordenadores, eran personas las que hac√≠an los c√°lculos. En muchas ocasiones, mujeres, como las protagonistas de la pel√≠cula Figuras Ocultas. 	Hasta que surgieron los ordenadores, eran personas las que hac√≠an los c√°lculos. En muchas ocasiones, mujeres, como las protagonistas de la pel√≠cula Figuras Ocultas. 	Hasta que surgieron los ordenadores, eran personas las que hac√≠an los c√°lculos. En muchas ocasiones, mujeres, como las protagonistas de la pel√≠cula Figuras Ocultas. 	figuras.jpg	
¬øCu√°ndo se empezaron a comercializar las copas menstruales?	1937	2005	1970	Leona Chalmers, actriz e inventora, patent√≥ y comercializ√≥ en 1937 lo que ahora conocemos como copa menstrual.	Leona Chalmers, actriz e inventora, patent√≥ y comercializ√≥ en 1937 lo que ahora conocemos como copa menstrual.	Leona Chalmers, actriz e inventora, patent√≥ y comercializ√≥ en 1937 lo que ahora conocemos como copa menstrual.	https://cdn.thewirecutter.com/wp-content/uploads/2017/08/menstrual-cups-testing-annotated-lowres-6840.jpg	Tal vez no pondr√≠a esta pregunta - ajena a la mitad de jugadores
¬øDe cu√°ndo es la primera patente de un "libro mec√°nico"?	1949	1979	1679	La maestra espa√±ola √Ångela Ruiz Robles, escritora e inventora, patent√≥ en 1949 el precursor del libro electr√≥nico. Su idea era que pudiera reemplazar a los libros de texto. 	La maestra espa√±ola √Ångela Ruiz Robles, escritora e inventora, patent√≥ en 1949 el precursor del libro electr√≥nico. Su idea era que pudiera reemplazar a los libros de texto. 	La maestra espa√±ola √Ångela Ruiz Robles, escritora e inventora, patent√≥ en 1949 el precursor del libro electr√≥nico. Su idea era que pudiera reemplazar a los libros de texto. 	http://e01-elmundo.uecdn.es/assets/multimedia/imagenes/2016/03/28/14591599767091.jpg	
Los primeros tests caseros con tiras reactivas para usar con la orina fueron para...	Medir niveles de glucosa	Saber si estabas embarazada	Hacer un diagn√≥stico precoz de miop√≠a	Helen M. Free y su marido fueron pioneros en el desarrollo del uso de tiras reactivas para el an√°lisis de orina. Fue el primer m√©todo por el que los diab√©ticos pudieron medir en casa sus niveles de glucosa.	Helen M. Free y su marido fueron pioneros en el desarrollo del uso de tiras reactivas para el an√°lisis de orina. Fue el primer m√©todo por el que los diab√©ticos pudieron medir en casa sus niveles de glucosa.	Helen M. Free y su marido fueron pioneros en el desarrollo del uso de tiras reactivas para el an√°lisis de orina. Fue el primer m√©todo por el que los diab√©ticos pudieron medir en casa sus niveles de glucosa.	urine-test-strip.jpg	
¬øQu√© es la computaci√≥n paralela?	La que se desarrolla simult√°neamente en varios procesadores o m√°quinas	La que utiliza los recursos de forma √≥ptima	La que encuentra los paralelismos	El trabajo de Frances Allen, pionera en la computaci√≥n y primera mujer en ganar un premio Turing (el "Nobel" de la inform√°tica), fue clave para el desarrollo de la computaci√≥n paralela.	El trabajo de Frances Allen, pionera en la computaci√≥n y primera mujer en ganar un premio Turing (el "Nobel" de la inform√°tica), fue clave para el desarrollo de la computaci√≥n paralela.	El trabajo de Frances Allen, pionera en la computaci√≥n y primera mujer en ganar un premio Turing (el "Nobel" de la inform√°tica), fue clave para el desarrollo de la computaci√≥n paralela.	fran.jpg	
¬øQu√© es el lenguaje ensamblador?	Un lenguaje de programaci√≥n de bajo nivel	El lenguaje de programaci√≥n que se usa en las f√°bricas	Un lenguaje que se habla en Ensamblia	Kathleen Booth fue la programadora que lo desarroll√≥. Tambi√©n contribuy√≥ al dise√±o de varios ordenadores.	Kathleen Booth fue la programadora que lo desarroll√≥. Tambi√©n contribuy√≥ al dise√±o de varios ordenadores.	Kathleen Booth fue la programadora que lo desarroll√≥. Tambi√©n contribuy√≥ al dise√±o de varios ordenadores.	ensamblador.jpg	